vector1,vector2,vector3,vector4,vector5
-1.05024542693072,-0.492225163476435,0.0822194855753611,-1.35190757296815,0.0727588645918307
0.78169301386289,0.695555833476191,-1.00642050717098,0.026360923190662,1.03758856463018
1.03981588331172,-1.07083959144965,0.591177813798386,0.532599038515252,-0.569158681936512
-1.1518810653949,0.02563705703646,1.34248313563206,-0.0990502046328675,-0.213189798955787
1.16435747687265,-0.415593550875186,-0.859910859003958,-0.60254902665813,-0.744345821472799
0.398722592029562,-0.0576192185573337,0.581376687446832,-0.354472144998292,1.59970622814116
-1.15872365880102,-0.399873540113112,-0.627805738481859,0.122168743693711,-1.12845223099058
-0.509577989842959,0.193373671012663,-0.23432113648734,1.58724025923087,0.560096340356352
-0.814354878891219,0.497137212700494,0.809049641934015,1.05337850781617,-0.71450834110861
0.782998309290008,0.127079344641284,1.24756226441954,-0.831010238662407,-0.555683289141449
0.269162912978269,0.375271606282004,0.287827647861521,-1.37586213689709,0.997942996146049
-0.612203588821842,-0.983470880093445,0.122162031808248,1.11727376054579,0.761430644382095
0.000548487287076414,0.677095754596504,-0.208638243085437,0.0579829314539565,1.63696614254334
-0.0926382700367627,0.486251903135,-0.578031392606318,-1.1709328398012,1.11120757819625
-0.878174549448504,0.464648852341838,0.0777503468246482,-1.3662453902664,-0.570305507815496
-1.58188899215033,-0.755976355032995,0.0739258013369497,-0.30070751330465,-0.123474632477186
-0.0633711064491208,-0.619548977168797,1.54589153370813,-0.340624854247446,-0.539765034822415
0.263901244152361,0.364513628691446,-0.823015875687179,1.3526569872556,0.689535308313061
0.240443945817833,0.0659426278831728,0.583304395183581,-1.23299583017809,1.12353219555661
1.41895491228823,-0.462596620086149,0.895583674136888,0.394315634121189,-0.00504357680166211
-0.71437368243552,0.791265660366544,0.976822024885579,0.353289470040987,0.984674174032559
-0.527494636831342,0.411350254313508,0.674729450924023,0.0802326692194664,-1.50859282565508
0.71419597660583,0.66272441302773,-0.669976961227567,0.0610547708454899,-1.33533991782627
-0.57385958736467,-0.748382710859532,-1.45949049870233,-0.130946148886336,0.38517286086581
1.62935895249897,-0.331707120463161,-0.519946640919249,-0.387065239432413,0.00219807809796967
-0.4399163215065,-0.177655391720865,-0.513648269488024,-1.3952801548305,-0.86560960428748
-0.852042089479398,-1.51964391856995,-0.342622980412334,0.0325645728371687,-0.176818355325909
-1.45986516669097,-0.675531083617331,-0.172611548954297,0.0509394254405166,0.751711998463794
0.506383308282533,0.5735849415748,-0.837476128825538,-0.303030056241554,1.3440207695326
1.21354005652934,0.380746100337319,-0.396808217723809,-0.0429495321455581,-1.18661727810357
-0.0592942002318927,-0.803456190730961,0.210662576955246,0.166678962384986,1.56964671182585
-0.276383407027643,0.694732171232207,-0.275550795872701,0.00989382937642405,1.59685388936836
1.42745756625648,0.582816199760474,-0.553674256654204,0.151195092439446,-0.691580859882951
-1.14595708079674,0.208330667504635,-1.0884013364293,-0.0815416747983075,-0.798199999035824
0.853584307414713,-0.303834314705961,0.930068346597245,-0.920448167458225,0.807363382501997
0.235464888286469,-0.733073507649427,1.3178262474613,0.718932780945275,0.581926290120216
0.50461049309063,-0.534412459479682,-0.850567380343171,-0.200790441088021,-1.37149515276629
-0.435998282121627,-0.0854559764054228,0.976218242684594,-1.18269190407499,-0.797401797810094
-1.12219883258702,-0.777359224263754,-0.5922041155849,0.984987546285881,0.0220292106146025
1.56279879537728,0.627507770506498,-0.374887020651652,0.120849971486645,0.440179485712137
-0.547464881496721,0.27997315156392,-0.300629213233694,-0.188749033161999,1.63734607427506
0.983759784904116,0.637356595419839,-0.45265531443451,-0.0781171348448555,-1.26491232337264
0.157962315000807,0.366473120495554,1.70263822915147,0.354688372924641,-0.0312030145940831
0.446006747817289,-1.55007052461135,0.180356061114387,0.694160093152304,-0.26264397253415
-0.210057518638953,-1.72755083988837,0.29461449195957,-0.0194810433484221,0.26320291587212
-0.506472333098875,0.883839260804994,1.27716611293425,-0.0329488984143666,0.717693581769171
-0.480508962451015,1.1121504071715,1.02945691264972,-0.670045570112948,0.456616970976928
1.16549328728734,-0.931931815283343,0.0157138963039276,-0.856745870036546,-0.473156556512752
-0.893621075651136,-0.469125502988826,-0.297187182299852,-0.0247456863545235,1.44133240984271
-1.09671298297526,1.26490705684722,0.414144221385685,0.30506210596446,-0.343018215683789
-1.04994692602516,-0.173279834589073,0.642144204846103,-1.16644576168691,0.528819162911298
-0.0490896113466861,0.859780471617301,-0.647527389276171,-0.962270305308127,1.04791265891994
-0.5530735250728,1.48632507374508,-0.499486533924915,0.358091068081211,0.540592721732587
0.370030554700779,0.86822082490029,-1.14039604819077,-0.754824709819302,-0.651164763248347
1.4005718308662,0.281908611820772,-0.683304294880393,0.124781343372397,-0.813301904886171
-1.19443149323957,-0.374029341137751,-1.15862873814199,-0.0940829006241005,0.516887188145625
-0.243951758043123,-1.36774507915349,0.210874754563076,1.03549537757182,-0.371552350949823
-0.709196357431217,-0.0359233597956096,-0.977967107811158,1.2900763298442,0.24503568806272
0.459252990952743,0.72796953409238,0.659333779640556,-0.527168238362857,1.31587564518935
-1.66877841960571,0.574674243878961,-0.0731201955294705,-0.199667214028041,0.157237370590799
0.532611040085906,-1.04147705876008,1.13466500452476,-0.636099520748256,0.352948712489007
0.509801008218797,-0.0938518349472333,-0.111478250005808,1.60544348404301,-0.571338459056907
1.48846917955162,0.263347174712321,0.174842631803433,-0.20018803487563,-0.910753326798507
0.23579492572119,0.542246014024467,-1.66318366970826,0.232366446790706,0.123308470439919
-0.736150183716772,0.502723970646091,0.797581782076187,0.282658017735808,-1.2939583890695
1.44754355190745,0.454124826005387,0.624389461894313,-0.69773881077332,-0.081827317777134
-1.10832276083688,0.0606551696318944,-0.829847524683233,-0.736471672567042,0.849654765109423
-0.797248104490194,-1.11613237011429,-0.640098387972221,-0.875749473224231,-0.356356501995677
0.774640024203975,0.579583138226266,0.16377253877373,-0.066917409959387,1.4892031039972
1.00001025519537,0.372957248956668,0.983300077190276,-0.249409230644652,-1.00836869457729
0.437393090171849,-0.505412807317153,0.545029166788646,-0.126356852266783,1.55731544090673
1.40537977014219,-0.917477940541218,0.359484880469062,0.359580096582822,0.331094783306637
0.901605624853353,1.03711578183554,0.197616294416429,-0.966857923283595,0.568014752490823
1.48547047444669,0.930300192330596,-0.203689456927387,0.117039235064658,0.240292518965525
0.827419190809011,0.158387463642889,1.24978816961591,0.812443759920065,-0.503254023807757
0.495301336962124,0.0656151035197652,0.476308476925575,1.51738834319112,-0.637215148071722
-0.963032490142849,-0.933359490089003,-0.322906139918901,1.13097917042844,-0.0550933428974674
-1.45350372822825,0.447648039619505,0.654759065036713,0.0713370333579882,0.661928084807723
-1.28281337038116,0.541943968382242,0.948053427746132,0.501292264782608,0.309186684214013
0.0665517805027408,-0.460230329849129,-0.477007034485645,-1.26729256928904,1.06545848687631
-1.08512142876177,-0.606829215631011,-0.751909588787579,0.996777140208902,-0.283453949217172
-0.189085321697382,-0.765507038985648,1.53331766061889,0.123978252079974,-0.443645251760142
-0.667635510188367,-0.429046684911488,0.276720852158412,-0.270460654094898,-1.55095693771657
-0.734732498275676,-0.340478747687163,-0.90281273365563,-1.21862165173062,-0.478687650368626
-0.492071031361535,-1.03812239219458,-0.777108627482891,0.768560625745143,-0.81889791485068
-0.0621826116532734,1.47259064586813,-0.787620511295796,0.588606614437943,-0.21404519737103
-1.40961327922779,0.916050027514539,-0.202210726766196,-0.348383410595013,0.44338653757196
0.618099955995258,0.935301101523433,-0.811777235522203,0.18834270004182,-1.11072863089888
-0.761608207721446,-0.449495548310741,-1.17769932004558,0.891888468788089,0.469547666556949
1.05251306787548,-0.704832391334169,0.636914413477625,1.06008960979869,-0.225802217794021
-0.510789329853913,0.134879894671426,-1.55942515592482,0.685647948454672,0.0631727690658836
0.164759170437913,1.01434281511351,0.764375462275107,-0.344089699115793,1.19427992999976
0.57459607135647,-1.1381049968354,-0.151636090993702,1.21155882201252,-0.262101388881608
0.547800802602252,0.648051868531507,-0.993801233302862,-0.557578769974245,1.08000793085179
0.793177240956546,0.830253480936253,-0.0813458144551821,1.35778670076838,-0.127891383176664
0.348853085917213,-0.58555314588112,-1.53205462943916,0.601164613757766,-0.108847635510306
1.0455854537742,-0.307235473289186,-0.192525168934035,-1.39212673462239,-0.149277216168448
1.61438021442305,-0.730567176314409,0.192980702365736,-0.0377195164672079,-0.0799553697082712
-1.29689847734418,-0.240817937163752,0.934525828271705,-0.719853936548414,-0.231391221340139
-0.445943222811413,-0.132004157001045,0.495362557101029,-1.38537733813836,-0.896696248982856
0.556675058757682,-1.14242524180013,1.01336652247703,-0.715128785017849,0.177948330137301
-0.410320690464435,0.578649222075871,-0.722832055740508,1.37073352203757,0.52954177352322
1.3382944600708,0.647002107433007,0.464415050947487,-0.82431313618691,0.283181523878388
-0.849732933427024,-0.0172019928964235,-1.10476183794716,0.800052215353537,-0.775941246355231
0.305954982050201,-1.32972917908949,0.582818840011454,-0.805657569286136,0.578324295182376
-0.693134194455093,0.183899896374139,0.684422466489464,0.107856166407567,-1.48009722711209
-1.13531458978363,0.668810335176232,0.776793757498697,0.573339550956598,-0.718773807110226
-0.132909860025881,0.966374827123019,1.21712509760445,-0.340139730834785,-0.797731266330806
1.47199396929243,0.262917357538396,0.406009778443981,-0.289908316395847,0.836795372684409
-0.553101796516415,-0.422259323622864,-0.417559797200548,1.46082113455952,0.626442292052379
-0.779405114115203,-0.087437615533175,-0.835231241774631,-0.750059651775528,1.14441717629753
-0.673990214417512,1.37783557507861,-0.400143048035412,-0.351607640181957,0.740657125648392
-0.094909723917494,-0.187110780446504,1.0111079319114,0.57300846461729,-1.33802570977963
1.43748328758636,-0.859556323362165,0.185516432553915,-0.196810810569155,-0.553771553400406
-1.47813912846384,0.494545604324991,0.688691522462993,0.2559126085566,-0.46449018956082
-1.33757277327869,-0.663874328269959,0.396155917370712,-0.837456276172762,-0.3112980524523
-0.656963722429928,-0.785573915512725,-1.1417195390254,0.126490660552209,0.903746617177406
0.520193655301737,0.450856260365497,0.709710714739397,1.42711995916479,0.413250005919598
-0.508096347060357,0.0826800960249203,0.992342959207059,0.544080675666522,-1.2803291857509
-0.182761037271797,0.94023765094201,1.03827464235413,0.27907308224688,-1.05435506125684
-1.55160058154506,-0.309360155190694,-0.72055886171624,0.130112284541773,-0.381715470376619
0.078084307200983,0.0670509018508963,0.309674304957314,-1.41162479685406,1.04203326514452
0.69410834781886,-0.206329858354485,1.41987437614846,0.763571485176851,0.248124937084767
-1.17600161566289,-0.637848525440389,-0.250399152309859,-0.189765836865454,-1.1386253556877
0.368692459401823,0.230250152626538,0.569507377566925,-1.21576467346749,1.09253713603837
1.38366047232124,-0.86769270781066,-0.188936369410598,-0.674931017406105,-0.162398530125655
1.29529966177493,0.795949980080278,-0.602746996868926,0.589845655188524,0.403050402082118
1.32716135092113,-1.13258403532621,0.271194864871878,0.259060151519842,0.0156966585273552
0.687531248560586,1.13228131023327,-0.771843986880936,-0.746933603406656,-0.525923872008807
-0.126586970930861,1.01139206558231,0.56760175361992,0.608866146971666,1.20547963201751
0.412392735109558,0.666241725535614,0.895218427259976,-0.58431235195691,-1.19508421812475
-0.474699486610418,0.749482729343971,-0.0159608313787726,-0.63326179167312,-1.41303568294557
0.396259518991749,-0.725440808466006,0.933616530184883,0.467876851957149,-1.18792866089287
-0.632503058190253,0.480353734772742,-0.455652457317488,-1.20694750999581,-0.943328027521285
1.08599772650421,0.110800303687547,0.656167156556401,-0.44676780851884,1.16755491050327
0.87238576055634,0.0932136691426395,-0.926750958043274,1.23226910186721,-0.194702001516821
1.0187802597826,1.0118355779479,-0.25244195827577,0.954594323484177,0.385106908704215
1.5659889389484,0.33078406099489,-0.552590002014556,-0.0185135819289607,0.563534502424292
0.0710521044185577,-1.73827994158586,0.367849972108376,-0.00649585634813624,0.151616936356178
-0.512330300524607,-0.26384154383853,0.877435177678344,1.25562404872641,-0.711639031056917
0.441918145473418,-0.161844852524805,0.721222925116311,-0.484234788274675,1.48622939309708
-1.39303090087396,0.772560450851606,-0.0650030738091557,-0.451939417007206,-0.662683690098604
0.510012741688699,-0.362384756283172,-0.653343692734766,-1.22659889578135,-0.928531372729178
-0.0759214141435225,-0.770446503346829,0.734929055660222,-0.704261772586744,-1.24480995077817
-0.606664052389132,0.563820168173023,-0.989990953466671,-0.318648377388526,-1.1905694937818
0.0194171236348331,0.543020463815368,-0.303534427133855,-1.25411551692601,-1.10671673129095
0.821330146143577,0.0337704198048445,-1.01656299676519,1.06890008062967,-0.577354043375058
-0.817923553739051,-0.2195403033599,-0.921974795686182,1.0796294932811,-0.672439439041488
-0.902173825961185,-1.1262263366468,-0.637923651900692,0.491151185589959,-0.674188107292643
-0.117576392881543,0.621733233129737,1.46068849141411,-0.574424236348358,-0.566620293306637
-0.00985904849436777,-1.5424363310909,0.284717287078886,0.793713956414814,-0.307825008578415
0.887643235847772,-1.51980157785782,0.156897787344249,0.250183302911452,-0.00964880548408643
-0.393505947020593,-1.3277773638636,0.731869284807934,0.624213592147587,0.584717139637352
-0.733446964754523,0.398689774626227,0.52478396192017,-1.32622633221594,0.673673936657182
1.26625357951481,0.242089610169206,0.857830106461321,-0.881442550956418,-0.100945932102001
0.524630356653934,1.41949670554276,-0.743809624694631,0.229000479167474,-0.537686865159464
1.42625207380748,-0.682234153904275,-0.249596158965616,-0.531572921853206,-0.583526021502317
-0.915766306559786,-0.0556640735777423,1.08715441099633,0.40027265518926,-1.00057969258997
-0.351354494149397,-0.965369139147139,-1.08703049706982,0.232847686164664,0.945393118492587
-0.294684088907443,1.16465521456767,-0.843311308789447,0.790763429745331,0.636606474953139
0.669258272649307,0.336304516905625,-0.876580223841284,1.27328729629021,0.484095299561529
-1.49336800033355,0.666630807010226,-0.380392530702836,-0.540073090000337,0.272189296537456
1.2795039743854,-0.631148904733586,0.147455719697675,0.0410366317852651,1.06117976589625
0.485843447139602,-0.745283810868845,0.849885405073208,-1.04478320661721,-0.76134097875027
-0.857836948218505,0.234053351728735,-1.42177046428413,-0.253891993693752,-0.555384057770045
0.492286269045287,1.24751045072706,0.65148294550935,0.875263969670996,0.442565147887148
-0.0520106473569018,0.735131231210839,-0.446749391286347,-0.539522208207598,-1.4667026910993
-0.602480905444515,-0.389409988180462,0.353766128890511,-1.3145929604035,-0.90392507685611
0.970188355469597,-0.296506887148776,-1.11301014662328,-0.0407321199396975,-0.956753144277708
-0.374608710627938,0.150677926902997,-0.247866871170778,1.58331887317462,-0.673525713445921
-0.237692501672963,0.270488694847975,0.248501598514577,1.56052795271564,0.747225973396681
-0.948248244059343,-0.45684338244875,0.640268617819448,-0.687597370611638,1.09288352302365
-0.994253495058183,0.153217118376694,0.633344597064178,-1.30338436950235,0.270291249006326
0.720695016661294,1.35974728896261,0.212901183890742,0.864069757867278,0.1573263898315
0.662593323610289,-0.989336824073584,-0.160920976177247,1.30668771394009,-0.184020227380436
1.50616261143613,0.778721208438186,-0.138959645778249,-0.191837519806963,-0.503949502095078
-0.108486414408291,1.02726863834365,0.708097583239911,0.584036219733072,1.12936194357523
-1.35783181154399,0.26345111397563,0.889528465335842,-0.170616627310761,0.67195565949579
-0.305443302030649,-0.70549627017834,0.707792196082089,-0.572264164008483,1.32873337662148
-0.679530782758355,0.277739489234044,-0.159044737807189,1.5821024343623,0.343168180847884
-0.0564689112965878,-0.782246911476127,0.993592782492472,-0.62203716249225,-1.09350502192829
0.717938761008606,-0.912564930547294,0.359673291232544,-0.875273471210817,-0.970221473441531
0.782581684963036,0.259171113508403,-0.754417861489601,-1.15578394883051,0.774869308049002
0.823850741697584,-1.33383612194264,-0.282213684243542,0.349911643954014,0.724622303989006
-0.264838533448182,-0.531670467798085,-1.65838606580026,0.246103728426674,0.146235176576295
0.765691283556336,0.197214076126299,1.19166214167966,0.568541372151859,-0.903623021555182
0.442935468945308,-1.02719804949859,-0.0444940998132248,0.582767575589831,1.26177795818493
0.802331235196139,1.55874585231031,-0.0654959479949061,0.32334714317705,0.0523632801821192
0.208540078731199,-0.958100278085327,0.975718193526188,-0.316607918300691,-1.08226492873455
-0.481568544739378,0.583440045061913,-1.29406153172715,0.183131928697909,-0.951086720395681
0.274847962578064,1.6583979676504,-0.218581591306724,0.524237867155128,-0.191260490755573
-0.979483124958762,-1.31501722856008,-0.485738619856826,-0.0737888523183579,-0.504940338402685
-0.222654599372182,0.675361774800468,-1.38658470135951,0.837929863378411,0.233616914869331
-1.29258623596098,-0.79459327004347,0.0755462750323877,-0.541878752016632,-0.763879301087135
0.451278566418471,-0.740635565590176,0.767677723477581,-1.0412422933273,0.871378829395628
-0.711437191979359,0.634584364060221,-0.18908236571521,1.48957234252742,-0.146938601101319
-0.28618885246507,1.57115173616188,0.0013477503710692,-0.616569881146378,0.504407551781508
0.330948221128995,-0.907383649772752,0.956891548045792,-0.0739808994651826,1.15369954027528
-1.39973333576773,-0.808843726189993,-0.139458954700178,-0.267047084811224,-0.693371848414168
0.397982812202693,0.925353692867762,-0.866919098159345,0.74740705212741,-0.927455255171876
1.33933095021077,0.12337633779897,-1.06045058223271,0.207628028456332,-0.456415490427701
0.0283226850319103,1.6842204984819,-0.349395672515968,-0.309689339684068,0.36003245034443
1.1022625490083,-0.0490659568142619,-0.611406301154097,-0.365868767094645,1.20828028018802
-1.71004423829832,-0.460835010984523,-0.12894403333764,-0.104725584361262,-0.144204141210774
-0.577368126294881,-0.571213560393837,0.833770706632277,1.30590804692954,-0.353271492296529
-1.65365652184025,-0.405212372734332,0.0388559491010724,-0.144513128593141,0.513651887978413
0.269797689484097,-1.30540687771928,-0.961735174616125,0.673472950276013,0.172135934327371
-0.909738891016794,0.146384175422529,-0.227395798352642,-1.42717828778169,0.497402412052234
-0.350496522043373,-0.83063244756909,-1.2495238036986,0.563920340590969,0.702064875151242
0.403308135511804,0.555519266053574,0.358367997518086,-1.19261883861244,-1.07841672251351
1.47477656880009,-0.351112457018814,-0.689604583757894,-0.627914557966499,0.130122984058052
-0.149977137780438,1.53509777241465,-0.68086438499107,0.578552986059961,-0.0876976010190131
-0.839032769697529,1.21882188830009,0.326137138172013,0.891978203406881,-0.305803397803547
-1.11171629413135,0.0394553191842386,0.896790364579396,-1.00204811519951,0.373102970177772
0.843781272105134,0.516311190348635,0.830351118930779,-0.435287291378165,-1.15217488394878
0.323164717872301,1.45204032101408,-0.0320950990642029,-0.792563191866403,0.585633002116807
0.162622666533005,-0.786870569523071,-1.16875929785764,-0.276054142822466,-1.04747001839284
-0.0571601679797767,-0.114833503650441,0.0630661069919478,-0.147743158339137,-1.7727802055897
1.19381995607918,-0.15072909874045,1.26916333043759,-0.339355321825736,0.105575128998284
-0.575406958608389,0.970288411668987,0.39035166210893,1.20103198329324,-0.563563692534674
0.341213538716617,0.471700335119865,-0.856571436777364,1.0755705040158,-0.977504286340757
0.301690647009354,-0.689699779397061,0.00118280962507199,1.48715150098991,-0.637718615263395
-0.925832524263432,-0.401164133584848,-0.389247120182447,-1.38906056763516,-0.293100570101421
0.443817510039508,-0.643205128032371,1.57393671094386,-0.309382970838719,-0.0364367772355887
-0.195198987354987,-0.971982183087002,-1.02999620789307,-0.341125138378273,-1.01237270467511
-0.598791796775483,1.54619527432466,-0.291902247303487,0.559582846945433,0.19338491041445
0.327980402837877,0.947750298327086,-0.860265791566491,0.584413144384667,1.04766947186984
0.409597999159588,-0.548331250573687,0.280880999334275,1.48236588138452,-0.663527412418458
-1.36137493657855,0.636323137300356,-0.422185211517983,-0.739412623540129,-0.449209101309076
-0.715619360532578,1.31478522078368,-0.285520690128716,-0.639368547423152,0.673738525316817
0.900896644662768,-0.944739753434067,0.266489732558492,-0.644422017277062,-0.99727858213644
-1.56390043662505,-0.130767824099435,0.749558595257918,-0.254329200103668,-0.309197058743718
-0.218235061647028,0.964866546560491,0.929022178730924,-0.0842511899663257,1.15595613411303
-1.05122423967234,-1.16209030360148,0.1907381482961,0.0834980149673592,0.828329532772863
-1.35268531890112,-0.545425528271365,-0.790546125977954,0.223124708426814,0.618881780885394
0.509089012823177,-1.3626333853835,-0.584492314262167,0.595853755747808,0.610241526588137
0.148277738917233,0.722121254747903,0.965854110161242,-0.709674508545042,-1.09774841642828
0.0872467210268616,1.21542047300172,0.415637835195724,-0.925871955016061,0.818630836658853
0.644200813760792,-0.637925143341596,0.841088747718435,-1.05124331694221,0.741972425680499
-0.977717929373621,0.849266323704122,0.172648405358095,-1.20999417072719,0.118025621450887
-0.114123987640834,-0.746593826009406,-0.652165839604885,1.20037396427641,0.865080625335743
-0.323205668113981,-0.468908279370632,-1.6563430108744,-0.287387732949913,-0.18603304355951
-1.08222275460736,0.466339314032908,-0.185564337920316,-1.32274339649888,-0.110663397246229
-0.285171300601315,-0.101582816086778,-1.00388051256631,0.806557100447528,-1.19793859249062
0.833757614399274,-0.935207181084451,0.623026834932231,-1.0830587287864,-0.232521337117929
1.28254709553751,-1.09812674183973,-0.0564497950092155,0.0101005815257479,0.575248690448672
0.0499491874421752,0.572398283111884,1.18584238827069,-0.839784981482224,-0.862214213292561
1.12685370918313,-0.0628647433966073,-0.613554451755729,-0.372079668674621,1.18167907970375
0.82902838398645,0.867554318523056,-0.680406108628558,0.0863771208620273,-1.12900709194904
-0.675229356921218,-1.30805965624339,-0.751530965924662,-0.291463122911752,-0.606881171961173
-0.151970122286259,-1.58576911232731,0.399866211855325,-0.444086679893093,0.538650617804213
0.28520434796007,0.70272485046501,-0.627970435064527,1.25242210383115,-0.804324139477069
1.16530027660383,1.12830286271906,-0.465950046279957,0.474826395623224,-0.333837406681858
0.0893784779702519,0.599231837821496,0.692043646658973,-0.980468088245497,1.17375451507113
0.263303498166706,-0.988125749149649,0.0469609893803793,0.929324482990429,1.12846732025943
-0.811602657517627,0.0927778652419007,1.08446172717781,-1.07274137132403,-0.436888037087001
1.10039937109631,1.27964030668504,-0.296037203021512,-0.383658074718225,-0.319091548165212
0.868605505687271,-0.00981890936553709,1.07181895199344,1.10174092395722,-0.260400048994048
1.12489764765041,0.424869360825897,0.373374941023569,-0.310630907901622,-1.22605055009805
1.39379681793228,-0.649780226220814,-0.45976185274126,-0.667433257828345,0.404075516982587
0.555951095867811,-0.667451814551978,1.47624094337112,0.217142771315831,0.451660490431231
0.164676779407927,-1.49533480087535,-0.284314805651093,-0.671076452498544,0.625048740648566
-0.455189859015464,0.1684215751917,-0.637506848819742,-1.14623824755984,1.10867863386114
1.07857303507157,-0.00352432202594022,-1.08292074129262,-0.908102426621346,-0.15591500375305
1.10478441989549,-1.18151261645094,-0.176097549664725,0.0197067471359552,0.732864018918065
0.266358266385284,-0.993494542071616,0.959623687471124,0.200808844082105,1.07973566476558
0.996314943863208,0.231719366219048,-1.27669712980841,-0.712269172093946,0.0372663864545126
1.06993481116679,-0.151606198973436,0.971875290454639,-0.951073627482575,0.410099360617715
-0.962323912043247,0.119045472623717,0.618474328400009,0.0425936840427795,-1.36398137719299
0.538532159654609,-0.509384181793476,-0.97337741905461,-0.101663105103388,-1.29526867169462
0.675023885475679,-0.0988166021281607,-0.932409057350482,1.20560240184773,-0.629859731998196
1.20426954480184,-0.575006594536844,0.834837601090158,0.820589098337853,-0.183823397800438
0.921412924829968,-0.784456526499369,0.0228837467156882,-1.04529343144364,-0.792132063918481
1.62440432806449,0.334267603050071,0.528049016760866,-0.394638581277085,-0.00307001040645359
0.766448847596526,0.219667867085945,-0.513263317324823,-0.217273078193919,1.49621670193546
0.409735795017458,-0.971657095737157,1.24941958357544,-0.0569918441308616,0.713239616712139
0.943062784057949,-1.0141531659432,0.679260239841271,0.336480295550857,-0.832178784271112
0.183834097439916,0.653060940816411,1.54813320383484,-0.157169878319841,-0.550732870921399
0.115428293562705,-0.81866904810582,0.989688087824326,-0.717777361809615,-1.00338402259198
-1.20853251190425,0.38575042791593,1.18933402057352,0.107819997047283,0.386670739981865
-0.150156785760532,0.159450010311646,1.20904801436405,-1.05044873659156,-0.756173283738006
0.738146165878614,0.431420267846853,-1.52014647911975,0.23758786665512,0.29450386807247
-1.30572510442646,0.8221495854199,-0.327770031306729,-0.793111309040622,0.260196693475042
0.287740071984356,-0.473192320106484,0.595345892723267,-1.27295757526019,-0.950497769147204
0.433621382909841,0.597910857271088,1.46450451115476,0.673031294586629,-0.20430263516905
1.23650529522615,-0.0591351976469131,-1.21820151384113,-0.309078378507286,-0.270226499946516
0.340139683511584,-0.829890107906364,-1.25273382328797,0.895046579368699,0.100727571361613
0.694456497162406,-0.229821285066073,-0.867630477970947,1.31713573375578,-0.402855077442141
-0.69224715577562,1.15222780644409,-0.328900111665248,1.06633526588848,0.364592683728897
1.39484119421325,0.253675644574944,-0.640561124413992,-0.128192613677935,0.865057142820656
-0.0950225668556048,-1.085870982277,-0.0298302691144007,1.2890944708191,-0.578108616409607
-0.173965785917738,-0.145041439143886,0.850072967408467,1.22154042859204,-0.958604646368632
-0.632336166147617,-0.249332080494875,1.52608961697377,-0.331681278525116,-0.532946101815685
0.6407334333379,0.062403772339661,-0.787534643840371,1.4153997952696,0.383416341963532
0.851029671377792,0.209166975088006,-0.5641150839917,0.0267418934163464,-1.44847014760353
0.360121836831747,1.30247931824265,0.84490524923536,0.763059565353768,0.250487840235072
1.23574842635756,-0.543913045034409,0.243345463952066,0.0262261617653123,1.14113480807095
0.679221764118711,-1.19967405777131,0.596494113674757,-0.932563182226996,0.242836743813439
-0.209214046903527,-0.808690562847594,-0.981452383684348,-0.808020480619552,-0.933333931656322
0.424308839001135,-0.951839425845598,-0.327811690329716,-1.09778172129407,0.886784954207693
0.388535522536115,0.456491741023478,-0.412055604308629,1.45470212008658,0.734653938436535
-1.05439372961141,0.153904128774925,0.94253934027219,-1.00074262930435,0.399637603856749
0.242965481094458,-0.439006817096922,0.328765715699476,-1.37027325105816,0.973403390961822
-0.14164005223293,-0.507352366001133,-0.102823556876393,-1.30505921145866,-1.09260628473233
-0.206237133705444,-0.381594179734959,-1.2793317391986,1.03794361941483,0.531831290025685
-0.141341044624446,0.474408124369325,-0.78876621934291,-0.00818579513641657,-1.52241569060498
0.849597876821208,1.24640434649027,0.379492789479368,-0.150137682630633,0.862039791494824
0.354659997319289,-0.36883065481164,-1.68116132997117,0.165674551581658,-0.263510550685136
-1.05634199932841,-0.066136027588652,0.592120342066005,-1.30630314473485,-0.0879900634107025
-0.281382931940136,0.287021272247561,-1.67851497159074,0.45374571377178,-0.0124017197003378
-1.31117882648242,-0.628856066384299,-0.647934314025767,0.264214304390671,-0.762057156124828
-1.01885694400944,0.731485438990666,-0.239622686549547,-0.785049896299347,-0.968579505761631
1.43700928949492,0.664131358385451,-0.559016460314709,0.274557183518694,0.539501474670652
-0.649743711563204,-0.0321294896315586,1.4808859429275,0.750461034509877,0.0747991663327971
0.398482743754222,-0.555588135302541,-1.12751797267401,0.883768589173653,-0.815597130518588
-0.652698889456113,-0.58808602875177,-0.992858111840067,-1.10051415506634,-0.465026232726302
-1.27922715395467,-1.02463188418828,0.0182454024520084,-0.675176502619773,-0.206204356091762
0.954295212403472,-1.47094284954541,0.0950704393928786,0.30779463884105,0.0829512097036761
0.721801123574101,-1.07454496293306,-0.326404003478951,0.143063733035214,1.17573743064819
-1.75255139721028,0.259462896983199,-0.0844788464949444,-0.167549544796453,0.105081540437309
-1.3260058989569,0.471453345974575,-0.593868626323118,-0.920821758772092,0.0621006612182962
1.50345443575442,0.0578995310358181,-0.0120603894096035,-0.142229999408281,-0.949161012986575
0.566565559016831,1.06892954205765,0.585642364684069,-0.42944519012776,1.09270398608116
0.543343244520054,0.839284606956817,-1.39930864632577,-0.449197188103885,0.159830272661843
-0.361244183550441,-0.114217328655486,-0.069480625571206,-0.145365335712209,-1.73652165374094
-0.546696567667851,-0.0652773351921943,0.952425604346134,1.12262510327018,-0.845262757067777
-0.0204908577926952,-1.53137508160696,-0.89522421424911,0.163647152142428,0.106173209331927
-0.670605091105343,0.231942529071028,-0.381768461426376,1.55453478809305,-0.345217264693213
-0.957941354329479,-0.42506077321676,-0.730747477201605,1.22492432863078,-0.228580980861468
-0.557435111455871,-1.08538413724863,0.501788579292837,1.19828042679969,-0.0924589744002791
1.2796544276008,-0.192340696571011,-1.04178258888363,-0.573247683637886,-0.310764836249023
0.332273079576636,0.685000235676828,-0.338893578999413,0.0737725373413164,1.57641589783294
-0.929795326920582,0.365395459236452,0.824321779220806,-1.22735900724977,-0.0325473564676873
1.22231052673588,-0.21527755858077,1.18444576162781,-0.359624574447221,0.335231267335883
1.03175726691692,-0.926942425697859,0.143388730466817,-0.682897358396895,-0.879974205222541
-1.48394677557796,-0.324893587014812,-0.556512110069995,0.0586193241113201,-0.751141278945906
0.712283532189499,0.46316428495304,-0.571312795879182,-0.111308173709433,1.45751577865479
0.222155264484389,0.100649042909317,0.614453627990382,1.51409812047879,0.67489219851564
-0.83767842953464,-1.09576491340541,-0.245207862180587,1.08117442451667,-0.231383062733151
-0.681075855957318,0.71003497045841,1.27108045911504,0.343457580987351,0.695259970125015
-0.453720779247665,-0.869515203877221,0.990470358253613,1.08511449038921,-0.254135450607494
-0.201748186572333,1.06210705497916,0.612859221695952,-0.972691433394071,0.833372829617207
0.993934425573689,0.658696480886566,-0.18048206296546,-1.31533352618742,0.0233729318687483
0.220952509683606,-0.910001291187058,0.715331068495078,-0.962301731390602,0.932932757004834
1.01972909314754,0.72509496603292,0.224620022748976,-0.0958151601788064,1.24890520763758
-0.802489961421723,-0.527099286365506,0.0884687747438651,-1.3660715313054,0.623864650196232
-0.3105273967586,-0.382552197710618,1.15730961657527,1.193095194136,0.42354918413685
0.125741038249363,-0.343627804030048,-1.52953707385619,-0.597395145514988,-0.595611915423058
-1.41717838953995,0.0327570066060038,0.933590932973709,-0.396795591191208,0.382756671792359
1.42268281933827,0.666727645795777,-0.691517998553938,0.454842707885379,-0.177137971741486
-0.23604688514347,-1.40295703494375,-0.68657880024139,0.662706391596443,-0.500432079401509
0.28105674484857,-0.22682801550501,-0.0552608555463379,-1.45408060395894,0.968070784072003
1.40615294253729,0.300031738553088,0.331224374341616,-0.239603542578352,-0.974989469000742
0.258244061858049,-0.865655718751905,1.49449698726318,0.198892969889412,0.309644268603371
-0.518066665573268,-1.57462057456992,-0.592082270222505,0.10780660560197,-0.27386556486994
-0.48503525003904,0.60777112579941,-1.14621955492168,-0.217040039891156,-1.10428187898071
-0.521931023790715,-0.516016778732533,-0.822299598435068,-1.01271258796595,0.971884934260232
1.01904962307895,-0.130942321978036,-0.148288504701945,-1.44733554352505,0.112389359913908
0.132829862544574,-0.702877039286788,0.823098330437159,-0.459609531556222,1.33588822982163
0.796481777962113,0.961537966554315,-0.309563896942228,0.802258475753111,0.941606127010143
0.808374803508953,0.529759105249198,-1.27775215871318,0.598356546257914,0.510111146999777
0.236217643183475,1.15939342320413,0.582600088396234,-0.761146777565419,0.930725462026381
-0.398494871817917,-1.00792852328245,-0.0431313654339107,0.86983739000342,1.11884475229507
0.810765970097158,-0.37866305535661,0.218009355358713,1.52810970671866,0.0404292942134678
-0.822371807688393,-1.08607482884216,0.25751415645574,0.175768588609846,1.10993107395896
0.0531886630474395,0.548325202994644,0.416346511024709,-0.272678913540133,-1.62290519782707
-0.483559550222367,0.485862980253292,0.13817245606512,-0.0295948980049795,1.64169086328305
-0.62372478383183,0.179194830537083,-1.61441394703808,-0.112223406008303,-0.380708775676945
-1.03175770194331,0.22260137568024,0.998705514498815,-0.97065778933901,0.362414781311399
-0.973858179652944,-1.43129608552063,-0.260697592468501,0.321213596153466,-0.129843763059889
0.0951037379256524,-0.0379790651495749,-0.726180197662532,0.120897489868111,-1.62251904071762
-0.290015107124601,0.943394127619473,-0.888312945706248,1.0685719960648,-0.529114172661511
-1.29238339275974,0.496017377314321,-0.539715498331081,-0.543741472992254,0.825695688079084
0.923861273518069,-0.337031115159363,-0.648183521870638,-1.17856846315542,-0.639323020640395
-1.47768724951835,-0.903821520516546,-0.126819254187682,0.0656827872594177,0.405165090141132
0.838791819691885,-0.0858518334608977,0.769037407320035,-0.514549939962207,1.27196172179773
1.24441619259395,0.441797289955837,-1.09990406412433,0.372919066932261,0.303965399051771
1.00858586146096,0.357278099289648,-1.1940606206496,-0.656220866849645,0.428613320296892
0.565476312291668,0.894853924416531,0.108321087506772,1.38185383084855,-0.378455514883574
0.88559476091262,0.926838708879265,-0.292387093480403,-0.956220706638075,-0.73610646329977
-1.40664276798077,0.25174755482656,0.351676873197193,-0.0983472178362808,1.0048082125014
1.19857428551688,-0.588786874341595,0.840712792357806,0.832542726386733,0.0428177368521298
0.525201185564919,-1.01678841424333,-0.0519163675689087,0.968385612444497,0.96687542223007
-0.625257824893001,-0.617739176643107,-0.767123349891068,-0.102375783071841,1.34666290419117
-0.213047441698542,0.767037513233361,-0.107711573734548,1.31536368412772,0.89971655904622
-0.0669482808805577,-1.32330397583651,-1.1658757775269,0.126320801520727,0.232745122577353
-1.27424944223613,0.182017837378062,1.00022638576635,0.332979338864464,-0.645630585803685
-0.526425857870535,-0.30023335406065,1.12970163457923,1.2157667800911,0.251853435379781
-0.782057817753334,0.357766701018512,0.847408053238038,-1.06463333030666,0.770618628779889
1.02652612153791,0.438161560919757,0.36936301600083,-1.26320676686814,0.455134315629907
0.521005709179621,-1.45220142614342,0.633340148753142,0.412220889884252,-0.483350093836264
0.585597600410979,-0.449370441348571,-0.1949615453409,-1.37532983477749,0.842976007147414
-0.444289532817343,1.58243795155917,0.641983329286607,-0.267093945468189,0.00492139089778189
-0.426032974716969,0.667410948375177,0.330119253205294,-1.31995471287152,0.840718987210411
-1.30663808099348,-0.142755458030849,0.9212286164107,-0.768756038749365,0.132961814346771
-1.57019060402385,-0.36948820899912,0.188118534080441,-0.199809619781145,0.712514220072889
1.42969581197504,0.502984629239086,0.5570790148352,-0.658700011265367,0.379160473601075
-0.0871879643688915,0.553187240797775,0.462225033630639,1.43211387687331,-0.778966653857342
-0.342177286886486,-0.614611329387288,0.250503228291395,-0.0383758921161104,1.62047896994363
-0.807603768245563,0.411764653224408,0.651239564747295,0.102458590070031,-1.38874920013697
-0.319588665615957,-0.874222729531159,-0.962733777181725,0.417945229845597,-1.10320995893144
-0.548876266753876,-0.361622841084497,0.549517380351138,-1.18436441644902,1.02385760373383
-0.115378927791876,0.227579921617577,-0.547329935195742,-1.25152768751433,1.11982700543597
-0.603410037041588,-0.784329704061464,-0.646461818869056,1.02979155356273,0.852847445831661
-0.282333193481186,-0.192478255253914,-0.363252943844515,-1.38961465498594,1.00263031518682
-0.71819844291395,-0.426563871514489,0.359999886037198,-1.28141389912579,-0.845944331310805
1.22749643075757,-0.757205707837268,0.617969209695191,0.449930935176042,0.721510421489746
0.507818798040419,-0.523233887188424,-0.751741226500247,1.38858034632378,0.400106446111057
-0.694397587207864,-0.0952864768273787,0.447062863433918,-0.0832454173215132,-1.57700555649904
0.702014229963702,-1.40657690635035,0.645108501322294,0.136387438729608,-0.528166608098918
-0.0124230369133196,-0.882419105385126,-0.0914803746594431,0.301247090560347,1.5189051229317
0.636218727395546,0.657095639534142,0.616918741778092,1.39711427556742,0.126265865723743
0.415857216291547,1.19035988439245,-1.02984359377204,-0.343084251940575,-0.645624147710095
-0.353976661863968,-0.951417978476656,0.147050982450847,1.09901624506505,0.961796602776433
-0.229490942411409,0.497865298905488,-1.67156398721537,0.205599693686161,-0.21926172597965
-1.43296883281015,0.487312262586294,0.782630717398498,0.180488059789004,0.499048448316952
-0.287062126294501,-0.466420180345258,1.56641987015173,0.654710059553398,0.0523462482828133
1.06237526767884,0.728220073511927,-0.588532882765227,1.08372586550963,-0.0723233010166026
-1.19986118240676,-0.336788571796223,-1.20068391017328,0.42048471244898,0.11604484344639
0.117254651121398,1.07210517805806,0.885536520026206,0.768250513074206,0.804653406886769
0.303552756981609,0.475906375305409,-0.669646839111815,1.30258959387487,-0.849241636314951
-0.266072801924641,1.17403030081652,-0.722968432169254,-0.0750560805100066,1.09888598047647
-1.36610722915438,-0.00294061067710371,0.957647081726051,0.0268901965661106,-0.633198567459768
0.505657628004054,-0.381848350564796,-0.0393393718517903,-1.38187399283982,-0.934017094345389
-0.0482387088652531,1.20680258043294,1.25321759499902,0.204010924828807,-0.337838439708507
1.44139557384509,-0.710099327323524,0.443689051278311,0.241288640717859,0.589971705298344
-0.117886775869614,0.147071182224761,1.76353812379538,0.19575174156785,-0.0331114392529709
0.111637246898195,-0.853025767070291,0.675194323402004,1.06826527755986,0.920768775864328
0.599773464869619,-1.64320755573587,0.306358928886275,-0.170889573546797,0.0457245047801599
0.342345907482212,0.34866882257661,1.69036076771023,0.190747329391464,-0.229203650693464
-0.63081377881981,-0.692335166328439,-1.46592637605852,-0.218916738233395,0.333002051037418
-0.407343301696743,-0.114168685419958,-0.861502154838332,-1.27117721894256,-0.804964913188489
1.22352226643926,0.0023823758317706,-1.25980442687166,-0.256548923220491,-0.187275450135893
1.07144816759947,0.169509458322963,-0.908159219355349,0.313598066510102,-1.0417185335059
0.208081888137803,0.773304950116122,1.43625691003208,-0.0377429844415764,-0.692424716375251
-0.224062416065216,1.25022023483801,-0.657611066074494,-0.55775173580505,0.910063259050341
-0.812289370704953,0.675842658989839,0.934815977793411,-1.06980076492298,0.223779221429414
0.696655875810898,0.572269093322465,0.807640554944066,-0.776146691090644,-1.05711909160067
-1.61109747746387,0.109293512628395,0.680128891078069,-0.147005801237992,0.305356975541913
-1.11371051316861,-0.0721877014702342,1.1733055199798,0.228073306631071,-0.714691263821921
0.74545218160729,-0.795478016760549,0.915242915982603,0.497403926496372,0.954696055726211
-0.0521607036530166,0.224622957997999,0.370612865824966,1.55477930052309,0.759697484836217
-0.399379067070755,0.705847249017558,0.635429111399455,-1.15414650122673,0.88964080971712
0.811906408444186,0.703656503171191,-0.936754262054162,0.113373176048105,1.06785885552828
-0.473971540269244,1.36606592793585,0.581021023455011,0.683516724524267,-0.537999412200758
-0.169006169432591,0.799762461429206,-0.732841974685607,1.21843890922048,-0.703686887046239
-0.858650787248328,-0.461906394067939,-0.801355712453689,1.20397673505443,0.377676319914797
0.774059639598829,0.746307771859309,-1.05295006077311,0.304072393449053,0.909781063469938
0.132738491811055,0.0730059728682428,1.17355745932977,1.22641806226892,0.529831385717365
0.898590442289758,-0.298455514676872,0.310109174915034,-1.42182099036624,-0.413189961342032
-0.855440600093834,-0.411588955089752,-0.496286578137069,-0.0194858807850758,-1.42728584906884
0.490356383355893,-1.10519510002695,-0.323064965804657,-0.967051377868605,0.826767270150744
0.538491404823559,0.845468422495121,0.0969854161056448,1.27057787772169,0.745952337340485
-1.36280194433116,0.764031253259508,-0.157870198154571,-0.561614112716167,-0.635376064928858
-0.725775793627608,1.48523801750988,0.328402737405817,-0.571100056429278,0.13536227953269
-0.641122610202742,-0.539426967975247,-0.294132461918711,-1.3729488194143,0.715183213871997
-1.0459924634477,-1.1079000652707,-0.582151956991908,0.36890826212749,-0.623275264446035
1.04198528382254,0.560545582327802,0.090039812633645,-1.32160473424897,0.174121013561147
1.56206188678729,0.0797177701092655,-0.737042569489207,-0.0355170210648461,-0.440594577057697
0.275999109075539,-0.768796607477848,-0.666983342029522,-0.865654238421441,1.15046133331811
-0.303514847374181,-1.07051268524437,-0.249596516259902,1.24291899016218,-0.582875922904138
-1.10644632860554,-1.27092329722357,-0.358126708800318,-0.213774121508793,-0.414228717363448
-0.687508847407537,0.65087857930311,0.409896341148143,-1.24222927408975,-0.759966532309437
1.23397785137901,1.05092242444663,-0.0820097445220233,-0.639257491780986,-0.377483816194117
0.3355606797715,-1.03814216566062,1.02076629018846,-0.528312570056535,0.820725857753867
-1.24821617403122,-1.25400053151971,-0.214547144467479,0.065651117050235,-0.0640902008729578
1.65472399467726,0.265745514232903,-0.32020408221776,-0.0648616587947913,-0.519171632926698
-0.238952892449424,0.537348750623929,0.739057594117248,-0.345000560384646,1.47442713339343
-0.806551633744389,0.0820576400427148,-1.45868708621229,-0.475444208857382,-0.417054966375246
0.531639965684034,-1.38706264934189,0.792447248160275,-0.587333662084757,0.0741062233240788
0.175337925669335,0.826713608559473,0.7716165184384,1.15345293833702,0.738217135496831
0.53880793651065,-0.650763807791669,0.829705627202759,-1.13251866432741,-0.707242229749937
-1.16702990232421,-0.713732902775808,0.186906552966447,-1.10903933983172,-0.220756164403359
-0.188966639467016,-0.302022961487262,0.0261283276686854,-1.4157146369422,-1.02623202421565
-0.508097599949997,-1.2132817269084,0.583654269490201,-0.0882154832330077,1.05183603887723
-0.838623637305015,-1.14716538009343,0.117320058238479,-0.928985863504793,0.537542840519218
-1.39208053420453,-1.01690330196383,-0.361993387045227,0.206008319508574,-0.19887149407233
-1.67542589213834,-0.307168938964526,-0.479058180083253,-0.0176840349647709,0.231937293837019
1.20787336132033,-0.11183665802861,-0.846652643221545,-0.894644676380964,0.44309565566003
0.955033302826384,-1.22987645104783,-0.144262455816865,0.372023964677585,0.77531340087714
-1.233769061127,-0.205825274321785,-1.26137533221922,0.171207853214511,-0.00889117003610287
-0.477201396163361,0.369104996391915,0.792918512088334,1.33942896481273,0.631078173389381
0.930986886469373,0.830152243585232,0.236679477769597,-0.0372925908073839,1.25367930809595
1.16065613439072,1.11204575058259,-0.20056705178958,0.592980709312874,0.457588650223679
-0.590859614965141,0.777579813147082,0.836960207502952,-1.01900307824255,0.701707871952508
0.87313013771447,-0.834174372257077,0.0644559516955415,-0.689919601813022,-1.11654032752575
-1.32480210279693,0.167339341806325,-1.02229691639304,-0.238620204007004,-0.54760879874551
-1.20011221598813,-0.268067644972597,-0.914569217718292,0.375767517079268,-0.833811355311881
0.250529669312754,0.0438502767612469,-0.36006346297543,-1.43745075369363,-0.961462803097264
-0.955393641929362,1.49475329289116,0.0535400377696196,-0.077937584078759,0.170305108782667
0.601481353374718,0.597584860657873,0.505522451479506,-0.294954955247427,1.45724747097467
-0.483994213341183,0.555327697062192,-1.22393015179157,1.06607534923672,0.0885896946320867
-0.188141823624621,-0.614485406255309,-0.720597689357788,1.27139745668619,0.797688452535473
0.678754693871811,1.6427293987091,-0.145144058686971,0.0355138926308278,0.0584226343448513
0.623263639291952,-0.825101868456263,0.941708154889578,-0.924130217895549,0.612313224073451
-1.13887299764477,-0.269942964324416,-1.30625381252067,-0.220217102600407,0.245588164671575
-0.287289541152146,0.118098033736437,0.704842159817629,-1.09421014374947,1.18085914291818
-0.620340959231632,-0.764888805792799,-0.947680826785984,-0.915341405286915,0.69223003529459
-1.08711532642525,0.494442743929839,-0.60828024121194,-0.991366765004022,-0.637104995903306
0.830890359670518,-0.582079245571422,0.42421754405579,-1.30832972178833,-0.513932706552185
-0.490225613904764,-0.206000521671519,0.575409915519062,1.47203328123471,-0.635824764368598
-1.0667894312753,-1.29980391737367,-0.330839906651911,0.462213796163917,-0.185425184059718
0.991301544853206,0.680568155512221,-0.511126535154944,0.174982533289754,1.20303285963445
0.634621423957903,-0.0370351287476591,1.4161147513632,0.861947623367112,0.180439473002784
-0.31748779685424,-0.154648532497915,-0.806042732632434,0.214994243481146,-1.5376498200394
1.04463574313338,-0.826620391860328,-0.185797358336778,-1.11095320531014,0.376438918759663
0.0144855195684249,-0.40631155932787,1.00908737043321,0.503199754812683,-1.32221133804318
-1.2927467555429,0.855731943560337,0.570501867408263,0.671881103725286,0.0681257581700065
0.0691745837433645,1.28745555320135,1.14504484597785,0.437640132893981,-0.141511627285345
-0.433112915874245,-1.00128482197506,-1.0199604846278,-0.65448080299408,0.725387100848381
-1.18492617242868,1.08634075782732,0.238760014798665,-0.455404791894875,-0.580019745363138
-0.276304778609794,0.0972487614013748,0.621738291303063,-1.37019754511487,-0.913896921208254
1.13819324704322,0.352683595132433,-1.25117174788181,-0.159841618603021,0.417324069227144
0.825639943942468,0.601672347237349,-0.333559123091923,-1.34985662572572,0.456008246970379
-0.263139444328451,0.864882888964325,-1.41247272296963,0.487237311591753,-0.367783741697103
-0.839092068814627,0.748253227714319,0.454452457954141,1.25245073702312,-0.381956505952026
-0.25306984760568,0.871536734914814,-0.154694862377101,-1.24257987818251,0.890759882459258
-0.7114082246461,-0.189994018577512,0.0615672831921495,-1.44696128829033,-0.738459315752781
-0.888008057307377,-0.0826568577404367,0.158870832407694,-0.158596686759399,1.5294527563696
0.555952985546555,-0.62439482096524,0.882542510974286,-0.948869119622982,0.898233013167888
0.837340317112869,-0.431496555316525,1.0439944680095,-1.08714923557435,-0.160819951575831
-0.649772553404545,1.55112988483711,-0.166378234718837,0.561703842605172,0.116652628790313
-0.769291389585489,0.914138040855273,0.743933573443897,0.183786224433407,-1.08182110931721
0.353719460011406,0.655005524832751,1.12333589706757,-0.529099070398081,-1.04356599814914
-0.197423134185701,0.984643029464003,0.879019288285696,0.0886915294351907,1.18151181307099
-0.11356274597996,-0.257060906106252,0.686281125632166,1.37181269900627,-0.8678596540371
0.571500894530678,0.602331501501584,-0.145699460726303,1.42974605348926,0.655889037800848
-0.631663127165165,-1.1460022210615,-0.898910835336495,-0.733288512203603,-0.356282081318732
-0.993328877959178,-0.725723613256105,-0.132296996148386,-1.22300968168902,-0.397965891832202
-1.37121604699742,-0.712261914079372,-0.147240550175547,-0.239742453910671,-0.847527194116835
-0.672734369163257,-1.53285692307569,-0.200876380138176,0.556283718030885,-0.181615740682538
-0.910356243810123,0.195589064917853,-0.82279211085175,0.00343313320669586,-1.28101788954678
-0.142877579230393,1.3484612435342,1.01115142476862,-0.220393313333761,0.524639786946734
1.33820120336202,-0.746051234223541,0.617473536818972,0.466649039853292,0.488466222525314
-0.955940955424878,1.29044355981018,0.00613978282961937,-0.717763027644015,0.301197440695968
-0.786645141246503,-1.44228381230331,0.0595797147913459,-0.552594816641108,0.420838571318947
1.22007638786059,-0.161123427763776,1.18357366912016,0.409101136985143,-0.319767929404297
0.798113853955851,-1.4632979807251,0.522943453891019,-0.066799149073124,-0.35895732869954
0.159087279833912,-1.32140577426066,-1.03109979814436,0.586206591714117,-0.0823535404528596
0.174769273540935,-1.72224416923666,0.106415120744531,-0.285974155754896,0.308600676044946
-0.123881996392139,-0.750426523011466,1.58191269026363,0.160432109983417,-0.27988589350284
0.261756984964138,0.995522115621886,-1.33624004790417,0.210400373624398,0.543711564772975
0.260582056185056,1.07223528791125,-1.04114413575953,-0.0167323962346397,-0.939764036992223
1.4587406356852,0.871797660619452,0.0442364683731816,-0.0955580379811777,0.53475736868615
0.36161422154799,-0.305275816950337,1.01711326214764,-1.1637669503291,-0.756424469478974
0.104582139722762,1.74437112794311,-0.00126088278272099,0.359805475613289,-0.0421832232612429
-0.601555018288718,0.133309505142207,1.31316034403354,0.990871032515395,0.314886795486704
-1.6119800756335,0.142025735960746,-0.661698697578251,-0.257129888770932,-0.249793975890578
-0.246119977904998,0.406197515160902,0.856048099045328,-1.20835414329858,-0.875499572832038
0.732918632651855,0.188260366133157,0.197681803659871,-0.164588017322252,1.59569108911868
1.07252033996063,0.467613048436696,0.452549375898847,-0.359805511637231,-1.2172864345968
-0.430063799069508,-1.27713768680479,0.639619407677742,0.97762715852794,-0.0640754265320388
0.00738069008871529,-0.911521853297936,-0.772588687623829,-0.19193562944975,1.31162110407672
0.257639295738291,-1.56253099773668,-0.0390206975676564,-0.631139876002821,0.526562215569893
0.00674560487349118,-0.766957950761447,-0.494789765492628,0.00209445003787051,1.53359634526279
-0.177824906025771,-1.31180729214877,0.883637505441841,0.280089101144685,0.757155093650308
0.958624710203434,0.497409155812889,-1.24217752029605,0.521168943273603,0.45167442668476
0.794064127090638,0.635490378311813,0.496430319216012,-0.616506469749067,-1.23454441088339
-0.0811513737667744,1.085696889465,-1.20974471738058,0.462735291320867,-0.567520517743339
-0.128431022033234,0.558907094047254,-1.07324890486766,0.422195445885754,-1.2353239157641
1.46573754331778,-0.377798750471037,-0.311862820556777,-0.287295498102962,-0.845040523618442
1.03561390980299,-0.453178647427193,0.896071892223787,0.621292820958904,-0.847462322650351
0.388288324447808,-1.45742938556682,0.889092996069647,-0.344249242957343,0.0338661575755262
1.15451705281619,-0.364014564038833,0.726350005692972,0.2095778183902,-1.07148757789102
-0.618926319880029,-0.220890636139681,-1.468142888212,-0.692556524355537,-0.343610983777545
-1.06535305841011,-0.0912698022793094,-1.42246599948586,0.0552796504371622,-0.123435712272702
1.04218665352722,0.493730915471181,-0.747491817090606,0.276639619815591,-1.10445113827208
0.952033540771229,0.289322864910132,-0.910402631297957,1.08526689621791,-0.43393119312627
1.33429370911476,-0.418156915256027,-0.31812964493262,-0.310244194891849,-1.01604931522697
-0.989295085851921,-0.0988030532950951,0.783126281093998,-0.925581950477522,0.852381089044574
-1.54192132823015,0.808930399744281,0.12903289096412,-0.164113816560287,-0.330962905117615
0.676897308790012,1.25202633830923,0.445827496041457,0.10234890793045,0.974685424500423
0.397902105912197,0.438565735021607,0.878580579139181,-1.06840231113774,-0.959664383038408
-0.770531244764725,-0.178409323037657,-0.587780247675891,1.43913147580879,-0.377989074517973
-0.568565770295446,-0.4243351834443,0.0660208051192402,1.56347635678008,-0.482560465022389
-0.292983716823698,0.807549262604743,-0.63587593501,-0.899085423407632,1.11100899060974
-0.917070105065216,0.41393517089659,-0.345428346284885,-0.228006269313267,1.41468779093096
0.165819991082834,-1.38693900330918,0.165432863237819,-0.883306167371232,0.652928146493781
0.379927201011475,-0.57181921449647,0.648494384750204,-0.160441446063513,1.50578907340259
1.30495393447354,0.801633079135238,0.200180693585486,-0.758602342305959,-0.473221789316204
-1.55148917705633,-0.763478630557339,0.00202852666474743,-0.282660572192763,-0.339248655927296
0.829397469708992,-0.644850089326985,1.26090390035925,0.0603671048226843,0.698394169958024
0.706365985985261,-1.10480248320936,0.745239628770241,-0.795208113966019,-0.527000539385313
-1.00049996870509,0.130985877860242,-0.470235028199734,-1.32870517721531,0.424585837139459
1.56738702642114,-0.0723659630122242,-0.298968429934636,-0.149117675755948,-0.781953914157003
0.162889589011498,-0.773149096384636,-1.22723536178667,-0.346258084561233,-0.966806709011424
-0.26408425815738,-0.984635617328633,-1.25572463413056,0.315762101573065,0.684989922926645
0.321107764211381,0.479678000114412,1.6277225357284,0.427580922598705,-0.139648743864216
0.734813965616124,0.221934302784428,-0.199482241618072,-0.124789699841228,1.59387484378716
0.424137953561213,-0.234070335973519,-0.348822803758144,1.55472393785911,-0.641469604248108
-1.16493818092997,-0.1900329145587,-1.29903634590308,-0.293516241612326,0.134790074969769
0.843298817959344,-0.553433011290404,0.906378694959257,-0.156007526747305,1.1496553261506
1.08221978183044,0.66824349155096,0.469431795536362,-0.965367428162997,0.644173538868234
0.92321455882886,0.353070035712837,1.21368902741395,-0.244499239072825,-0.82170830923014
0.432278082914521,1.03407313832578,0.8489875137323,1.08454409455983,-0.17838655355373
-1.24313438945476,-1.24980260332328,-0.00418460168190874,-0.106837983417792,0.257269367145006
1.04506306914969,-0.908709359579652,0.0380239892197281,-1.11951592897093,0.111075617116627
0.647505974176609,-0.407453848839239,1.15260466351417,1.01083875873999,0.499433597516194
-0.505076577089347,0.110740100416514,-0.926414557177573,0.2781928486358,-1.40783810824779
0.952260124072308,0.122210679755672,-1.34494646151777,0.672437980263615,-0.0471214875314101
1.6940764297732,0.331573088034832,0.34492112470825,-0.286856301716955,0.0625800899257542
-0.755855472231413,-0.905667094419086,-0.0774439939981038,-1.21683443079753,0.553872788089012
-0.435381174090172,-0.922060388703302,-0.664931860841233,0.465178064580453,1.21931616567873
1.18318312345594,-0.0829430062384025,-0.842869949334992,-0.759743312569693,0.700405276950956
0.471608318053824,0.781958721221978,-0.684898058106146,-1.04247162985807,-0.891797484843228
-0.253758253728642,-0.412581724360366,-1.62603986969652,-0.439387901105371,-0.336637392887139
0.31354219140955,-1.17654383462122,-0.982724840128088,0.804151750009627,0.300061329321954
-1.52833922508285,-0.126703585441061,0.142271595070216,-0.161027215355971,0.8871096291002
0.153304336341932,-0.87100363509656,-0.720928349000213,-0.760010771007363,1.14258717043815
0.326385615052364,-0.704575515075502,-1.27505790198059,0.0446436023459742,-0.976877228515089
-1.6157291501307,0.727508214007011,0.0358467146181571,-0.180437634628583,-0.106383435801271
-0.345455721090634,0.45827689688303,0.593394529048931,-0.0385638235851017,-1.58178615663945
-0.0766596523012103,0.860152039031656,-1.17767272902542,0.269248241396944,-0.989880369365472
0.0401418091928911,-1.47503216959295,-0.219164104559805,-0.753394920452009,0.626131753956102
0.10937812459311,0.706188780722899,1.60276254387352,0.307431126978269,-0.104791279906477
0.0205180159409368,0.521570865606321,-0.998458052231819,0.862022173561291,-1.0828440255995
-0.210710846945013,-0.546323180018369,1.37187656089633,0.928959431190634,0.311656941526208
-1.19439108581287,-0.960835413759307,-0.37950015294331,0.640643555941545,0.529895990101092
-0.00656303781303312,1.27614295877507,-1.10631248765559,0.439755113868856,-0.372978880325484
-0.615443546236079,-1.5790388951109,-0.475566152877846,-0.293018407936899,-0.0291805817674189
0.880758019348254,1.03685788082565,-0.501081205150973,-1.01305398051467,-0.238410056652865
1.37117378251432,-0.256819786921686,-0.698741151922721,-0.583133182300562,0.640821035767789
0.612064490180221,-1.44721244458792,0.724084538605404,-0.366847779198573,-0.238927893561756
-0.891824639249977,0.155526192785642,1.34440011624261,0.744257011118096,0.064337356291351
0.263680130938312,1.73115751911108,-0.260849409215649,-0.140949870179683,0.175117682612616
-0.271242966048828,0.655634569620156,0.358167389675508,1.4271448782798,-0.718716378165061
-0.0170687983432562,0.573223398372638,-0.196149630358494,-1.23669201496448,-1.13501137646125
-0.989813681078368,-0.0588096388063103,0.312131476923692,-0.119895286101739,-1.44568959842681
0.193447655699788,-1.05999233916809,1.07893726469563,0.120835188515513,-0.91940009346239
-0.367569796777372,-0.103417277872646,-1.73903454648531,0.0110803247463739,-0.121829528647633
-0.651421949200988,0.0564090892632043,-1.21307710016119,1.11717358363607,0.194534424253981
0.988126346054397,-0.0709399024487652,-1.22002103300219,-0.763325268472292,-0.363958951531109
-0.465115472551314,-0.747257770375617,0.0268248807470957,1.34527765106701,0.77446170951252
-1.12276379872673,0.913065905652359,0.557520675441266,0.0996678675533985,-0.877472601976108
-0.915610069463207,-0.444192329255698,-0.748550552537993,-1.24276447301957,0.211113620132224
0.608431803105885,0.790043191939818,-0.832273910983037,0.787980104649885,-0.936514302076438
0.61277065280064,-0.723947364112197,-0.0229790765598538,-1.31392487588069,0.747325079216234
0.127503801731827,-1.2519779720858,-0.0154367247753919,1.16305174003762,-0.498372697748831
-1.42042696829607,-0.963029693467799,-0.195804696291658,-0.177768043845881,-0.412345887715393
-0.459378695818829,1.39413493194785,-0.580436594118768,-0.164025117715892,0.816429529536102
-0.0318807381172339,-1.12287585034126,-1.00343519286091,0.427802737123319,0.85629733473681
-0.906880980093176,-0.70316663938371,-0.379534121717598,1.27810116252048,0.300905108631971
1.69735753011242,-0.279637543810668,-0.38231340906129,-0.278528916411195,0.0452483084639645
-0.171658363585187,0.07137765761647,-0.0494673177572258,1.60891689195473,0.74792185811284
0.0468175965334087,1.11486866396753,0.779659467443566,0.417137571132383,1.07610983952167
-0.735981114110526,0.547886645871219,-0.617020517296943,-0.550222861862409,1.28829404906219
-0.083863252772982,-0.449143001693182,-0.178390993495598,-1.33919572252449,-1.0728364458099
-0.34326461373124,-1.59372876058401,0.471913520690322,-0.163666962432925,0.526989418704829
-0.194118657283073,1.0441970022833,1.30293885639422,-0.267343840659971,-0.536523275411597
-0.885854844735581,1.27729685425015,0.595470636027257,0.0476767113928826,-0.641813558117254
-0.552575675883229,-0.54951586590663,-0.764839669410925,-1.10118897905276,0.883235301847197
-1.21313400507597,0.636032980859031,0.236768952566178,-0.189715695928923,-1.10305276446267
-0.23344202789365,1.39047104371571,-0.353209396648431,-0.745510820505564,0.71872170219865
0.810440063754138,0.0062846383514659,-0.865429361139929,1.33309478182583,-0.0452413561971379
0.719493325498348,-0.929077673855475,-0.260013217859924,1.31224687318386,0.120641415964105
0.697100619312399,0.0986326839013031,-0.617422039811152,1.48105681495819,0.338514558363355
0.102821203073494,-1.72415780367439,-0.352296841207012,0.273630660143836,0.0522485991576536
1.03127606774265,-0.729181302069024,0.10734911702723,-1.25368302429284,-0.0807984707126522
0.088174494099606,-1.07115466558946,-0.807118409415223,-0.185275138751219,1.15935110622359
-0.0839266190728643,-0.372235906396618,0.661205130865437,-0.425961851299763,1.55588241173184
-0.45735584817042,-1.04710229723825,0.777332969919414,1.1187676416314,-0.153374950886245
0.226672044225278,0.200844819287052,1.48605397512934,-0.706122485841477,-0.621550328859633
1.30119563281436,0.473604178583762,-0.641969245164289,0.176020142009093,-0.908014567848455
-0.863543108461017,0.517829011120144,-0.50939399508589,-0.377672644870717,1.33005135109157
-0.484277071206529,0.18175019801817,-0.134040339621459,1.59614176755692,0.593141028272638
0.515149485088636,0.826076266472883,0.553606404960634,1.29492538179853,0.503901046164343
-0.167906033236136,-0.780826651671519,-0.413878374600283,0.115211540483377,1.53706126956668
1.653396882511,0.195011865151101,-0.121418657356554,-0.118981209648155,0.619967058101856
1.20288661006257,0.201117630318179,0.425308722134833,-0.169633704765265,-1.21982025297703
-0.730673791720525,0.799663307900695,1.06638652928235,-0.929451050683844,0.102975574869962
-0.371369060282237,-0.142013309483567,-0.3843938972142,-0.208172502694868,1.68399282429669
-0.103481701311302,0.0572958780785561,-1.69080668590787,-0.393186720449752,-0.396982019721322
0.11202920572685,-0.717347093355837,-1.06751989941506,-0.692501173769152,-1.0191737063824
0.493410282179489,-0.370367090761254,-0.815992130261388,-0.0183817314388861,-1.46225938779797
1.29855587606288,0.675965865995397,0.374925686831344,-0.947302529165742,-0.0622935207206851
0.203691094506008,-0.32320559545738,0.791773812417974,1.38881309196611,0.695233455048398
-1.24709903055384,0.749025277192505,0.687288649835864,0.648199596594719,0.419744907391975
-0.407487069010765,-0.352269738615642,0.487113205906546,-0.156951712495672,-1.62263867043859
1.07226124030017,1.34624184184364,-0.0624142282848515,0.395743184853582,0.249779066278259
-1.53192658976137,0.458597785899418,0.455679272830963,0.0412340599592103,-0.646957647256511
-0.0618558635117322,-1.29986088043805,1.09001059698952,0.319072133081945,0.449014995717326
-0.938905150892492,-0.0171280504908673,-1.16057918417561,0.770014601018298,-0.602748927309484
1.10941414462577,-0.718925412143622,0.124052487937341,-0.346620555715726,-1.14097358797308
-0.739618406680662,-0.101948928371055,-1.61794281826001,0.0323726697038491,-0.0937716694003989
0.743884744788423,-1.55113381584094,0.105560302021911,-0.396910570806878,0.238636635130629
-1.52992442611882,-0.523266201499113,-0.45462047670172,0.0601287350837254,-0.600197917770742
1.22146374345074,1.25499894534146,-0.03804895866071,0.114356533160832,0.321695323368677
0.917377097343191,-0.842147753285395,0.519153451816879,0.936314723562162,0.698577057450193
-0.613990214032384,-0.856141098917011,-1.19816239285037,-0.591231630690863,0.538423184334803
0.137606361950804,0.629082425821143,-0.908014023513419,1.17905644004322,0.745429597850217
0.37631083364327,-0.793889940996858,-1.25734700159919,0.911457418738086,0.0382342757932475
-0.680826719136266,0.76196904273129,1.17392631979051,0.0166810858113276,0.873215863283801
0.0868280190373309,0.859308686163617,0.472283868765038,-1.12203941238068,0.978281161908197
-0.46037560945593,0.352789366282956,-1.01949115955309,1.29384718292008,0.367695872264718
-0.0399987184143446,1.6045703711566,-0.612597177097148,-0.226892472720995,0.426623465539144
0.783523979033748,0.369802626862008,0.939718760509151,-0.0700420659484958,-1.2435304588034
0.983862572271397,0.551839936654379,-1.21331763027974,0.0464496932304281,0.661965956549007
-0.658464927322414,0.523300014151805,-0.8196158969752,-0.913633770504227,-0.985440612049591
-0.388374934560775,-0.140315396226792,-1.64819331681678,0.52149595055866,0.161202711267375
-0.420562047632878,0.522474872973042,-0.750670057340448,-1.05368902273409,-1.0302380938243
-0.618169081494195,0.0941570572217581,-0.115886949704738,1.605926361804,0.448977973839446
0.659230804001249,0.730299575063375,0.04931935484959,-1.30205624015461,0.720627141323225
-0.016580889078701,0.690326805245247,1.38176707843964,-0.556014740254987,-0.699821674441927
1.05051199917394,-0.463962551473989,-0.183286275080569,-1.31863709816519,-0.306226526468226
-1.05410410306409,-1.30726659204879,0.155212728369696,-0.361035685546917,0.458791772280386
0.921767959097428,-1.12181556887106,0.0529097488657954,0.982333872059781,0.330308086005716
-0.115068180101241,-0.970363476807857,-0.697013939750632,0.204666106379528,1.30477831062606
0.586814969383742,-0.956459577439409,0.833856753956808,0.584360812563006,-0.942893246043686
-0.138075699595239,0.979987089216409,0.81342756043636,0.751645865392081,0.989410710217893
-1.03767635004152,0.621377440465263,-0.0158623789732076,-1.27083448226395,-0.326886865825899
0.206197317224945,0.869984518783124,-0.941440542486288,-0.703283408673266,-1.00234764721471
1.29555782154392,0.917709989266017,0.0652376546678756,-0.698169206901598,-0.415513133327308
0.098027852639609,-0.584570070472897,0.162080228286683,1.44148438144331,0.854125401126565
-0.724238121381619,0.906426496792519,-0.226416708650906,1.30275133730132,0.30075509477858
-0.836472693107479,-1.07877033279468,-0.142471710536767,-1.07685921285531,0.376368304370673
1.05268832073303,-0.622362780065363,-0.113276842386703,-1.27993531001386,0.196099155842435
-0.414851499660233,0.635547237064693,-1.30442316474444,0.342744011492017,-0.88881592185078
0.685272434206435,-0.840414873622546,0.307678977680148,-1.25896082332152,0.57399030786939
0.00351132520920389,0.782934022384725,0.0497458764870391,-1.31114295783292,0.922193325429825
0.546427663383612,-0.104802802819895,0.15992979540275,-0.132115721144572,-1.6829765679774
0.866713309214595,0.28308328554184,0.226824540905617,-1.39273927572407,-0.602087104128265
0.921209736118855,1.09358432729956,-0.069301905446906,1.00987603457139,0.340297858127675
0.566352642040808,0.792502513085829,-0.0298519892204626,-0.813440824021819,-1.25443867388654
-0.4616662420022,-1.42518219224068,-0.835663212969771,-0.486076578501535,0.0782662418850258
-0.655555058197935,0.780785997191979,1.12918107895326,0.0462909775911497,0.931899715081791
-0.0662757538112108,-0.535562468108507,1.67902213000098,-0.0303342245664926,-0.271576765167954
0.113490905045033,-1.01512399275553,0.793460851845265,0.972507620811584,-0.752529699240111
-0.127121396228629,-0.943560371950404,-0.479671500097065,0.329831639889241,1.39272013226283
0.578687708051641,-0.833480755770719,1.23972348205895,-0.114079746611312,0.778145819327218
-1.65783863753928,0.141867310602799,0.0595502155387369,-0.132535536235431,0.628762174363422
0.483751799692895,-1.08648732772025,-0.617596316851121,1.16569054190536,-0.174008285157347
0.689655170853008,-0.700434226696543,0.355551094365331,1.36404778091398,-0.481387328924321
-0.694452395112847,0.779927198674897,0.0373244220231491,1.32894999587773,0.571801785628781
-1.00672200933047,-1.27876316942379,0.231750055193417,-0.387774039834188,0.576374712132022
0.84648158659481,-0.604078912962341,0.314809067626156,-0.201820104578348,-1.40133170133998
-0.930946377098911,-0.623234151298536,0.191359717855766,-1.16356848117354,-0.734450089526289
-0.443843899253875,0.922882132145382,0.737990572563056,0.549538107698088,1.13563990623765
0.362555294200711,-0.951911380700331,-1.02246528869294,0.983349596767756,-0.367444875153909
-1.2343155857942,-0.467866686928869,-0.225001286465844,-0.0182117171573957,1.17966842915987
0.881214591810837,-0.0437358178504487,0.569295586043676,-1.3667913822052,-0.462969680475189
0.619900788640662,0.499897686703932,-0.857246049052054,0.364078799598425,-1.29746298772653
0.67329652907417,-0.162140318457824,-0.306753126451085,1.58184663363932,0.330234914122361
-0.065370531153656,0.279695445086672,-1.03066667564058,1.29603699779826,0.600433598409018
-0.461274756138714,-1.0094277594826,0.619169791395782,1.11144084125551,0.578461990047022
-0.0564943028774348,-1.37392661554552,0.191802864186357,1.03441149708033,-0.432836707336458
-0.583563189360628,-1.36580352152852,0.503009684341291,-0.210571165214169,0.825642075493165
1.26268179770011,0.366002557057806,0.315179470872089,-0.241435153348309,1.13976174011691
-1.66054749772008,-0.59456295152645,-0.216688599628795,-0.0461112561313425,-0.15813208946487
0.9261409894324,0.755751196501854,0.489902957826843,-0.404566496876928,1.1629415671384
0.505733108219786,1.07391035134272,-0.137906951269143,1.24063954074035,-0.466642083029846
-0.66751530936577,-0.757661360831816,-0.975795709389646,0.0525796952619222,1.10019986076604
0.166152303492078,-1.58160911209737,-0.426611121661513,-0.420715127297841,0.544900735450233
-0.00550894912712545,1.11076422970072,0.879239238537287,-0.0309747535471742,1.08497025486316
1.45237668246694,0.863445308781113,-0.217090172931648,-0.14512335904735,-0.511746312959307
1.03951008464846,-1.02997483031919,0.232503056430471,-0.851208855842281,-0.514747992411007
-0.913204387249721,1.44327563986639,-0.0774513977756951,-0.353874168047468,0.369860215526524
-1.15867243158904,0.65634028719079,0.269995257373791,-0.187117941889598,-1.14183804056723
-0.685945397990798,-0.386809511871726,0.69018317707042,1.4348502793621,-0.172389735153139
-0.00160230126834526,-0.260695893913212,-0.226252879317571,-1.41778790530564,-1.02748782186404
-0.760474049340814,0.208634290125838,-1.26888806525182,0.943048153623283,-0.252474278796831
0.388982639687011,0.893257286802006,-1.44878125995891,-0.00653599110308626,0.369842017071241
-1.29040617156384,1.21545673627109,0.159544804392693,0.0999165378675432,0.0841904144004843
0.0941819678573459,1.53081550674489,-0.597634062208229,-0.477181708402841,0.497869296578965
-0.235667994602089,1.68281617325998,0.199564348365615,0.482626138317472,-0.157624411786131
0.754782356400676,0.632189464585596,-0.671078217344611,1.15968703370998,-0.648405070743319
-0.709879079163944,-0.670486134172798,-0.873050385400528,-0.0409491885933699,1.21145997694303
0.486888312769338,-0.97843107254136,1.21197427844449,-0.422944868536615,0.58554030102426
-0.624162818051328,-0.643322394441824,-0.956413958147887,-0.877959416232052,0.83428156389982
-0.48046264805398,0.0532559104400463,0.167047830430754,1.59829580368468,-0.607350021389956
0.365979718733724,0.981892783481442,-0.280184182957248,0.667829965060617,1.24998176746394
-0.0189733295603678,-1.09591711321657,-0.863006013518976,-0.42622523139737,1.02818646988603
-0.0760805295561357,1.4785670764448,-0.222926490093834,-0.741703617252237,0.627088293645487
-0.685455924024488,-0.45677647353538,-0.519132289659374,-0.0997020824490571,1.49233898307809
-0.245787540263613,0.885502636679461,0.475590269798264,0.268300644494694,1.42909456485697
0.757307008772844,-0.262824709033919,-1.00293690571881,0.133301051604326,-1.23238253393783
-1.06023558929468,0.418399358914162,0.946283568370398,0.994635498582979,0.0331535100079888
-0.145719518710938,0.357933734834763,1.27513709044069,1.06386384645035,0.527140807103865
-1.02410824645931,-1.11747883598962,-0.464089969767087,0.750917749819601,-0.328930743468368
-0.231482120410625,-0.612684063219374,-0.532626165185082,-1.22527684041972,0.985418362666543
0.377594445298803,0.821012983196994,-0.681201506707231,-1.07732464567863,0.862383488800996
0.0154406008006181,0.0196155170821199,0.669893694819341,0.0773309174222224,-1.6521647123003
0.52285060573803,-1.27284320921876,-0.528889040800884,0.691954768212862,0.730055779016345
0.440617327399581,-1.1459437743992,0.90402072806787,0.289599538943261,-0.88122466906025
0.656301778892871,-0.0869840955856117,0.570070349460401,1.50467878125184,0.397079783463843
1.52946041489344,0.761211396401628,-0.215964305242418,0.0895565026119108,0.460061030022381
0.259965728866527,1.06792601137483,-1.38509586404595,-0.207115437088757,-0.124794020482411
-0.471709712998973,0.916152499240388,0.927523699434544,-0.841723519329394,-0.744556847510592
0.818053758792041,1.39718464048336,-0.0127462315308762,-0.652963817766993,0.370334935935576
-1.72308561123688,0.0685403219831114,0.275188523486436,-0.135654574884961,0.342281118157177
-0.708072499830102,-0.738579114082883,-1.21329135840136,-0.811893341940749,0.0830455209367903
1.54754609149177,-0.48039572771115,-0.489235770422155,-0.504241122032864,0.256357839119087
0.389496475436683,0.835929112282814,-1.00854092099759,0.757486609829361,0.862312769153351
-0.709671318375368,0.701445491199503,0.595183536694006,-1.19591276008355,-0.636316840144057
1.35213965694958,-0.312515391300471,-0.813944651949317,-0.757427147799505,-0.151194404743982
-1.2177675891082,1.29312371443924,0.0875975339427489,-0.117058910501928,0.0922284770210753
-0.0590519410671734,-0.442168910687721,-0.450773445594563,1.46824550427099,-0.791875629751396
0.975688381918207,-0.135018103007113,0.890808597869015,-0.947153914538481,0.723996441820786
-1.54595060247356,-0.593403588330701,-0.0328532547323215,-0.0734732865483914,0.660636288941998
-0.870625210746758,0.328059319271352,-1.30961735163672,-0.0315433381211705,-0.776727291876282
0.47685049205019,0.155871795897065,0.478668679936725,1.54849979659901,0.553490123342473
0.986558133233659,0.264946565266084,-0.969086319670559,-0.580130941069774,0.930502667340072
-0.689643618991584,-0.526095650585977,-1.49027962304202,0.250098976843241,0.386188092162745
-0.206222897365686,-1.30996036588923,-0.738424845553945,-0.678110644546516,0.649137664909914
-0.727857659099055,0.420557814339979,0.0173127992049414,1.55525413918238,-0.243409598845439
1.55370441735453,0.137466291190135,-0.855460711248554,-0.0214603403533477,-0.14085836135423
-0.329096053357409,0.628084664284513,0.934923382988834,0.807105681202934,-1.07550601107002
0.66214409762098,1.17895866125154,-0.850538132787836,-0.746267240654568,-0.276226011858352
-1.17086337394203,0.724543216794157,0.714657181681908,0.449018391423896,0.75945555088769
-0.219397234586823,0.223850336409344,-0.741433957633709,-0.678686182832361,1.44098080571083
0.384662031941321,1.18364658016472,-1.1446187949233,-0.38948848653452,-0.41733856518949
-0.201682536356459,-0.777056146722999,-0.822398217637954,-0.8264540257782,1.08680810847713
1.44818930177046,0.0430638789950117,0.730680923618077,-0.374689462516617,0.641572672021667
-0.024535790299461,-1.08512122560451,0.764084179738378,0.254846197727732,1.16539596399511
-0.769582961625416,-0.219882806766403,-1.56137153520241,-0.311731058473075,-0.0966713147174588
-0.580201196063649,0.594118839977135,1.42849032090927,0.459714628369096,0.493433166684645
0.0600250875865966,0.543803733210572,1.4785300536379,-0.544581704538801,-0.634872575056985
0.978190312480916,-0.277161807947565,0.907060323030708,-1.1004612351162,0.342871310487732
-1.59101194989093,0.412576012236724,0.656313839372022,0.111751111959235,0.200586373010822
1.7361199016365,-0.0901592862601692,-0.355412683317479,-0.186619778138659,0.0402855255539173
-0.135973148991527,1.27564642801927,-0.182226052435354,-0.968350711789602,0.753881362422037
-0.845995294063863,-1.2029270361155,0.346346163045433,0.0392558187589158,0.949089497688891
0.0908574836128398,0.890474494911419,1.22638193941714,0.172265106809691,-0.922020180697253
0.821002284771874,-0.810909271978592,0.624834598067196,-1.15448630209314,-0.360740287101304
-0.106031029923246,-0.1883559906044,-1.63987591195259,-0.503752086417312,-0.441960768289022
-0.200392791388699,-1.58645037773998,-0.484210592812132,0.55640799127262,-0.28978824608065
0.0249443949512953,0.94649723701525,-0.600644690003613,0.973393791228418,0.990080951959658
1.47209146653537,-0.43238651787494,-0.112370501136566,-0.250811491230813,-0.869174395640198
-1.59716431446469,-0.142601313998951,0.550203448153896,-0.302203741467882,0.468710072977496
0.936473334998783,-0.342610626822568,0.221857602337404,-0.141062859743518,-1.45654563110549
1.51899027000824,0.204119889513444,-0.708578798451228,0.0684343728246397,-0.573799184130399
-0.717813388830104,0.163307232998149,1.46994006858924,0.672463965737235,0.173643734092067
-1.38236006400247,0.36195481006572,-0.0876281034588914,-0.139169283530371,1.05642398936654
0.593256142149462,0.760588218905661,0.406454602729473,1.37159432954276,0.456163800111227
-0.719311800105807,-0.78681353066668,-0.929851947509732,-1.04726983028537,-0.295169969435717
-0.914347298231614,0.78363306603435,0.376920884983263,-1.20707083344548,-0.36852128286533
0.315868420430978,-0.32299460952577,1.69946482445816,-0.234080558166969,-0.194772370451404
0.316304005378396,1.19949700979252,-0.908560565571925,0.486544735377374,-0.764172538911513
0.0458065912373503,-0.807215727746641,-0.415327087642196,-1.19021919820574,0.970667422937797
0.569306672884311,0.533003996888297,0.420029954050907,1.49204484373011,-0.417352038321115
0.669392267201029,1.14483527788046,-0.779232612779245,0.244573958648465,-0.871352594215449
-0.773985065337984,-1.03788727950374,-0.571469595487589,-0.351308633140405,-1.02895622344892
0.0766937694339063,0.512602052295712,-0.566658500796369,-0.218032409016081,1.59615984919681
0.249502714855126,-0.76876026128862,1.40903101303669,0.543847297914789,0.50062643475636
0.564742583039934,0.642226061461725,-0.527193727893314,0.0257812669207748,1.47479579969857
-0.312234180825553,0.231587560869055,0.509614293807699,-0.0319064702601333,-1.6652811525563
1.1246865799097,-0.0954500061151007,0.980642324373164,0.310308160384226,-0.923595106598392
0.843631177491225,-0.234624096907775,0.878379993759239,1.15105040226117,-0.567255302235956
-1.00749543072239,0.139542035654576,-1.38329529816207,-0.182173798780879,-0.451438647948118
0.518843329088573,-0.597102122716771,-0.992741598109935,-0.649704793624524,-1.07313908968631
0.946815372374575,0.542913698747875,-0.293855245000883,-1.36958514388395,0.177988891133236
-0.0572703489875995,0.524438396852736,-0.541053186451775,-0.197768577577119,-1.60463159777214
-0.755535247222791,-0.591422832381837,0.591445784506076,-0.503756701579084,1.28872636487638
0.395425898758542,0.928937819511748,-0.875502366115383,0.356076037511111,1.12801923693278
-0.196780952316429,1.52284872891319,0.628034219330662,0.553120084986968,-0.356159019215506
0.643031479753563,-0.364416632861384,0.664098322375612,-1.22356192702212,0.83701237331453
1.77118872614574,0.0505733996013397,0.0901871729797563,-0.147192881506787,0.124669192154773
-0.786795868958416,0.139845427494853,0.296359164783913,1.56729866008291,0.046375887393555
-1.27042588920082,1.14396657278161,0.318373280549194,0.401125638136625,-0.0102111434389598
0.571796199890447,-0.812900376170932,0.179027475720379,-0.641588139394499,-1.32422239707664
0.510832758663239,-1.10308895674217,0.84397140556885,-0.215363010923819,-0.973953149119528
-0.618388949011261,0.121300865029773,-1.61543977699895,-0.207926930391677,-0.367438398610091
-0.484632323683497,0.0626732827389966,-1.6777468223172,0.360229147078033,-0.0401644451441421
-0.079169693627317,-0.468825711134459,-0.854693868575177,1.31283225386618,0.71057267524214
-0.4332553735938,0.498582694967499,-0.202991700833046,-1.28415445395168,-1.02881282831325
-0.434964324289438,-0.592780450051565,0.323922435525979,-1.15771074069209,-1.09508288346732
-0.843219615594474,-0.392911812522007,-0.695657825387904,0.152897244656741,-1.34621419558413
-0.355056859970339,-0.166367528509652,1.01287148696378,0.458340855615449,-1.33988079059182
0.00360909492127998,-0.877200300514111,-1.11076340821324,-0.11921497313016,-1.08051288689667
1.28139498347854,-0.793973803016016,0.0391021788491292,0.0627377553785395,0.952458156814007
-0.730089951567267,0.713310850335829,-0.20874122386648,-1.25016553661184,0.732583494437553
-1.28524167211908,0.717800554239963,-0.402169083911046,-0.878864866467818,0.289450917079071
-0.144553430133527,-0.740448424125284,-0.106160094533262,-0.996359951789525,-1.26958511657454
1.03529308046597,-0.155199983218338,1.30356306585204,-0.623902451598844,-0.0236498914499627
0.57503456740168,0.801271304851651,-1.38409077124624,-0.536890296875592,0.091379093715196
-0.477722735436502,0.558930474636571,-0.434072317070737,-0.359059625101684,-1.52546523137244
0.65691368543918,0.184275488387861,-0.535740703958625,1.49775965440459,0.434987264645497
-0.451709467479807,0.613108778328517,1.24921534884127,-0.884990993109685,-0.511191928380759
-1.01152242331633,0.790553161398194,0.629948119888245,0.443837096245821,0.97109790173742
-0.076901471610246,-0.702967083461607,-0.745213715201044,-0.304992775895916,1.42708388644225
0.72630889044619,0.646631742918261,-1.31811750148086,-0.698242627827576,0.119897122840802
1.06949751837106,-0.223392558074646,1.254640356612,0.644575480700935,-0.0409865687340931
0.45290288946217,0.377268724126601,0.446551300611003,-1.30315498092453,-0.969502637700798
-0.00270757233480617,0.663087565934591,1.46255239145077,-0.474095562276937,-0.617649171802108
-0.0549872513447395,-0.736859359099251,-1.31748607252183,-0.591295636076786,-0.744058906906462
-0.797381988953227,1.32401120798928,-0.227484495815848,0.704237349866187,0.498483594926163
-0.0886009811496937,0.315384447179846,-1.62054144037618,-0.460117952362411,-0.489722857272947
0.803539976670421,-1.10044829727149,0.582621719456483,-0.372510613374306,-0.922027047459965
0.0340468599056116,-0.956286701249466,-0.704910690891614,-0.00552006775617758,1.33132867971983
0.951198056662014,0.958699954331257,0.0213906487150484,0.246813629915221,1.14006630385481
-1.6666735302506,0.0561653918966697,-0.599925325117092,-0.209870951425452,-0.00988082627801177
-0.653799954247255,1.51835203228656,0.343164313927265,-0.551533361939912,0.173813062148769
0.749808680998291,-0.836912165700417,0.469063121697215,-1.09168246975742,-0.714551042454029
0.911747629677667,0.347344412081596,0.647261745074877,-1.00482806802985,0.896911342673721
-1.04426797163219,-1.05188271104901,-0.527405496240601,-0.0432108953331612,-0.841446657287908
-0.787768010141752,0.787858743621457,-0.0420374076287263,-0.881219090141042,-1.07953461464155
-0.101701705758618,-1.51487895849286,-0.746876266299302,0.48691520349718,-0.291370866740969
-0.404269311168885,-1.29031488780098,-1.0009230931398,-0.148587022401565,-0.576834225008691
0.57139408969002,0.694265770151077,0.849943256825225,1.28334074801715,0.0845332461334487
-0.484474341760329,1.43081655477501,-0.403873847834155,0.860029801599398,-0.017096915982377
0.829833097878418,-0.219845875346673,0.805706158275149,-0.456315489310116,1.26121672676572
1.10154540227709,1.19465697116311,-0.356671277772713,0.629863459863363,-0.1430353798765
0.83345330954821,0.574342102588239,-1.21229626171248,-0.722469921275079,0.410938884836042
-1.03103288572389,-0.825071470633073,0.0488782346896204,-0.853919223820827,-0.842419245179031
0.568818090383416,0.246926446904673,0.492858602402083,1.51251663056915,-0.519486477729222
-1.48737102603835,-0.720993201016495,-0.417036275436641,0.226376480546106,0.477220828754363
0.851356863098407,-0.00298738052942701,1.47897679963651,-0.422358760596542,-0.307298423489309
0.9452009242387,1.31355429147396,0.112410056712775,0.506042672271078,0.545402768182491
0.412752681579889,0.00900397070221291,-0.0167295676582915,1.61142155949244,0.6462227804024
-1.17018274811202,-1.04184925711137,-0.411913898808805,0.748656881422312,-0.0084454559700292
0.892121340441822,-0.433423629221068,0.198599001561655,-1.41206456910676,0.409761651689216
-0.647132824726754,-0.910621155536457,0.561456951063323,-0.37322759041726,1.21756499887543
-0.392039013962723,0.683636981693878,0.394249857820553,-0.319075183528594,-1.51878669207963
-0.537321662886322,-0.669404694970328,-0.993397245738637,-0.474325951134659,1.11192114808819
-0.966543089135947,1.03773285789226,0.340540671209145,1.01711424844896,-0.153051232372438
-0.00693994015285431,-1.19272364112116,-1.2339230759407,0.293802649919007,-0.391771679789201
0.802839886559491,0.515641118819994,-0.800301992166677,1.05490179825028,-0.721990526873773
0.251470815531624,-0.342510859753702,-0.417312274320742,-0.220638490369115,1.66782100734384
0.756304589049076,0.256719465517523,-0.703345349473931,1.39251317422945,0.336630233283373
-0.809194832676124,-1.00662915932641,-0.732978033246312,0.245550159229295,-0.9588320138725
0.643843016972682,-0.916099496486069,0.653249862446475,0.995838557455526,-0.716105520935247
0.319838580589731,0.687510669299912,1.36451751525811,-0.158776188955577,-0.850249072167449
1.09517442671174,-0.15912760103814,1.0401366281456,-0.875549476696978,0.334379037458838
-0.0517860220314613,-0.994695466666013,1.29402390524077,0.174543633796468,-0.698530485708882
-0.0530847403391044,0.822509105654301,1.47680973154032,0.49428088340178,0.283529993073329
0.977270121377689,1.46584544867894,0.0282657377640884,0.061613614881916,0.276864752833224
-0.751924850744652,0.211526732865712,1.36202654746694,0.814125453167495,0.238658628584427
0.108695494426361,0.416098863719872,-0.182433114109865,-1.41060243974753,0.988420452711713
-0.107219112305191,-0.617545742402172,-0.667493035374634,1.2837895983205,-0.83575575579817
1.55394453757483,0.534329493088706,0.22390642452217,-0.248177224476233,0.610762961915477
0.595665248106731,-0.449750695350679,-1.1184436725388,0.0961903082454345,-1.16950735379005
-1.73644953938215,-0.328164510218192,-0.0565436532682707,-0.124396271744808,0.208299026991823
-0.611649882492184,-0.0347688187774542,1.26963156030553,1.07003818073196,0.229648848727779
0.235534709558331,-0.551035412070405,0.025086068476373,1.53330645209978,-0.688646817125554
-0.738510873195555,-0.599888074968766,-1.01576736270385,-1.08064717985187,-0.28313137517407
-1.52606628667068,0.282024938189072,-0.711984644279956,-0.514481935297024,0.0705611640428186
-1.15191993162068,1.26339600802468,0.244364378671127,-0.359976522594214,-0.269486552617866
0.288063054257863,0.335703113365913,0.195869746777521,-1.41323116412284,0.976598620662185
0.914963269449035,-0.495591939684919,1.21286384544029,-0.526181961318035,0.595259381503275
0.725802337224659,-0.112965589627162,-0.181076232712131,1.59924269878982,-0.234718941578094
-0.66137339457266,-0.797367004342186,-0.974833007638373,0.206577858970131,1.05774587643807
1.51999717214777,0.706675074289632,0.286846638097976,-0.407886979701004,0.355774091840157
0.740533713939873,1.42045602291153,-0.169791653204066,-0.705210671882486,0.304585388093336
1.28629340940421,0.884883832221627,0.17147307197105,-0.839226338147806,-0.117196662605218
0.2489407889497,0.127933383670277,-0.523370564865798,-1.39637014489021,-0.939629849256088
-0.378753012714465,-0.632338278107189,1.53102825233779,0.301116336397178,-0.454955987190272
-0.842107743205276,-0.250864902859568,0.224752474833249,-1.40798691090993,0.616432951334961
0.437336909404284,-1.6184948496735,-0.130528910912509,-0.399975115214236,0.444074329657001
1.11574253018138,1.10080680511524,0.118697884681708,0.125816926458723,0.835723008973009
-0.300496528947558,0.0516859615058144,-1.41517904664313,0.983070932725928,0.350541374201668
0.540416967901368,-0.220160738830988,-0.452034577463117,1.54866877687366,0.491708816860097
-0.689976420138941,1.08009220490185,0.851551345350789,-0.857056708055921,-0.287500477133547
-0.807732549062432,-0.751641557311756,-0.331946909636335,-1.29258087228368,0.432039450372526
-0.674989798725806,1.4100762325598,0.196616896406146,-0.759589573920659,0.354186837144753
0.267835511814502,1.15639673096227,-0.905145780252907,0.594879162555805,-0.776433956019446
1.28156361859252,0.332809163932327,-0.263812717383559,-0.0726360239989668,1.16488997783007
1.203903549443,0.918956637830016,-0.249598064542654,0.361495993865358,0.835562950593457
0.339264397326524,-0.822912564952028,-0.131793776601257,0.172958050587854,1.53148279217191
-0.826958667014038,0.91093411733235,0.303989458808169,-0.55375018199277,-1.12796214129229
-0.958001330891325,1.36479525711331,0.288254778108399,-0.561763971994776,-0.0768558990558387
0.486442451233123,-0.0586068120911655,-0.24758796227904,-1.44946191415362,-0.884708084030747
0.556122436110168,0.759524746931946,0.395132890041714,1.3649269413743,0.528870011583793
0.131452911215591,-0.363621662376406,0.511067602476255,-0.0849031749181813,-1.66346320240438
-0.878534063449661,0.170681271202597,1.26977752076981,-0.847522375045965,-0.231140054826738
-0.249662816787961,-0.340602044887535,-0.62668285171454,-1.31973481320473,-0.933935972910472
-0.554753960697002,0.52486439322064,-1.21881576073463,0.89951415614027,-0.554199320181964
0.0621524444686593,1.06383895804749,-0.876085709043679,0.0290761220447216,1.13182207298902
0.483940571926602,-0.324649595559013,0.444919981368539,-1.35126865340461,0.906384272719766
0.622893046766826,0.247961501608217,-1.02315366495869,-1.16195298406337,-0.581850700007721
-1.68891194566269,-0.204066673735921,0.467513033919621,-0.268942936327192,-0.00659870935085602
0.424880793515867,0.527720530537008,-0.794066386754627,-1.0153260902314,1.03177900116974
0.396125726191811,-1.27261501446872,-0.754081253489369,0.741625988430251,0.538420691281856
1.28015895870205,-0.610618495911281,-0.519870540984245,-0.687386005788502,0.656187658334647
0.4789934209153,0.609576710826869,1.41061284889322,0.698040462469169,-0.326957933093001
-0.820905964059146,-0.289571861448442,-0.90820255956626,-0.578899197119415,1.12575060114712
-0.430699181761372,-0.0316884139548301,0.820322899999226,0.194546928447022,-1.51252270792927
-0.945147446384396,0.810387971440154,0.688851086301005,0.63079686362869,0.873244632653528
-1.56236565646587,-0.0649337342576548,-0.786307964389135,-0.0562881973077083,-0.344031452072738
0.638627371231269,0.251175214042566,-0.259903184972139,1.5562203812201,-0.474029115628264
0.359371958674662,-1.2573156060762,0.842440237271699,0.52060004669411,-0.703056434737054
0.936536462877863,0.423515409525792,-1.33754547010406,-0.497571741713325,0.303212267609346
0.447815032164183,0.980461036325247,-1.05523829120591,-0.609982239950804,0.733185323990557
0.0100416928588523,-0.742509031594018,-0.685581683259482,-0.973613843435817,1.10256174078233
-0.455280519275478,1.47930525591174,-0.57647707371297,0.0635600559688464,0.673066833048999
0.574115524148507,-1.0720024652081,1.0119153206232,-0.737895150196908,-0.371145875775646
1.00927408965293,0.0780084928552118,-0.810006027817797,-1.09582995316143,0.55075991687182
-0.53905373694364,-0.900338512866841,-0.599145358334277,-0.34573055996787,-1.26701061590206
-0.982219937049479,-0.0491835498743052,1.25862796889842,0.565880773864866,-0.559882674980136
1.03599866483693,0.340631638813644,-1.36859254829189,0.258270767939901,0.236509092139747
-1.10011800610509,-0.651245120198428,-0.29567743423263,-0.180886756373994,-1.19602844978583
0.0416260226223701,1.18127889046446,-1.26702803799111,0.197941661877337,-0.378570412213138
-0.794436270845957,-0.0157961063013181,-0.963049849294623,1.16029030075188,-0.529048155394851
0.0126666392554875,1.44194224073039,-0.116492792598983,0.965932263026597,-0.398817594328662
0.213695585014624,-0.577670428485841,0.69861976832442,-0.268593753021006,1.49847520450776
0.408967041281678,0.742269033563252,-1.46030289377758,-0.528609184390783,-0.234263697449715
-1.55553922395074,-0.610444771563773,0.179489832256093,-0.368225270044366,-0.47419142191789
1.01494997765758,-0.00565545616390515,-0.156269070771275,-1.45959864727517,0.0023185001887007
0.589046288918498,-0.559731889825335,0.570789599318259,-1.2619280511468,0.778762196337711
0.443127292190715,0.470268704679416,-0.674977493373701,-1.17070055151929,0.970237187912389
-0.387953750998178,0.589638100154071,-0.623702782402608,-0.400272074663561,1.46205504471713
-0.0113162667640485,1.45667773142556,-0.586592344563645,0.771016045332857,-0.352724621193235
